Text,Class
Rose Homosexuality cant be changed nor is it choice,Hope_speech
The most important thing in the bible is to love,Hope_speech
Female engineer in the making and Im loving every step of the journey,Hope_speech
am abhorred by what happened to George Floyd am white and am not racist But it is clear that racists have usurped this movement They are racists against freedom and against our constitutional liberties These racists want to destroy everything that has been gained for blacks and for whites in this country They want to bring tyranny and oppression giving control to the Democratic Left who have oppressed so many for so long Stand up America And stop them now,Hope_speech
There are lot of adults that could learn from these kids Great job parents,Hope_speech
Beautiful interview She has done so much for the LGBTQ community over her 35year music career This was such genuine and heartfelt interview What beautiful person she is,Hope_speech
Why cant you say all lives matter but you can say black lives matter thats bit selfish,Hope_speech
Emilia girls being engineers are common in my country,Hope_speech
think it took her while to realize that she can approach things in different way not the way that she went about it,Hope_speech
This comment is amasing Wishing you more happiness sir and to continue to inspire dreams and aspirations in the minds of these young children,Hope_speech
Exactly absolute bell ends the lot of them Disgraceful behaviour and it only goes against them and there cause Most of these probates have been on ten week holiday and getting 80 of there wages while doing nothing This how they repay the kindness mindless anarchy People laughing and cheering its pathelic This is massive two fingers up the nurses and doctors Pandemic is the priority everything is secondary at the minute,Hope_speech
Beautiful and honest interview She has taught me so much She continues to fight the haters Inspiring me always,Hope_speech
Im Biesexual and didnt even have to come out my mom just figured it out lolnnnnnI feel bad for him thoughsad,Hope_speech
she saved my life too and am not exaggerating,Hope_speech
If you dont want kids to understand what other people have gone through then dont watch and its not brainwashing its telling kids whats wrong with religious people who take it to seriously,Hope_speech
Tian Im with you sis Im half Asian and latinos is time to stand up for our other minorities ouse they matter as well ALL LIVES MATTERS,Hope_speech
My AP Computer science class in high school has pretty balanced maletofemale ratio,Hope_speech
All lives matter we are all gods children,Hope_speech
could care lessmy kids lives matterand hardly anyone elses,Hope_speech
We are all Childs of God STOP politics divide us,Hope_speech
God gave us choice My choice is to love Im not crying Youre crying What lovely young person,Hope_speech
just wanted to send you ie Debbie word of encouragement,Hope_speech
Im 29yearold trans man and guarantee that wouldve said the things Annie said when was about 13 years old,Hope_speech
Every Life Matters,Hope_speech
dont agree with homosexuality but have friends who are homosexualnnThats like white person saying theyre racist but they have black,Hope_speech
Im computer science major and feel the same way Im often visibly one of only two or three assume women in the lectures of 100 Computing related students,Hope_speech
Crystal needs to rule THE WHOLE WORLD she is so so mature wanna conatulate her parents,Hope_speech
Im black american and agree with you All lives matter cause God would want us to say and stand by that,Hope_speech
want to add that this is highly inspiring to that choice,Hope_speech
Never was great fan but this does change my opinion of her,Hope_speech
IT IS NOT BOYS CLUBSOME ENGINEERS ARE FEMALE,Hope_speech
Beautiful interview She has done so much for the LGBTQ community over her 35year music career This was such genuine and heartfelt interview What beautiful person she is,Hope_speech
This video really inspired me Im computer science major and Ive been in the same boat my whole life loved Legos as kid but people around me really pushed gender roles,Hope_speech
My husband is male nurse,Hope_speech
Im Christian but agree and support homosexuality and the LGBTQ community understand that everyone is different and is free to believe in what they want but if you are against homosexuality because of the bible then simply think of how God would much prefer you to spread kindness than hate At the end of the day if you dont agree with it then simply keep it to yourself and think before you spread hate,Hope_speech
All Lives Matter,Hope_speech
ALL lives matterincluding the unborn,Hope_speech
All Lives Matter The color does not determine persons worth,Hope_speech
When my mom suggested to me to become civil engineer pictured myself this strong smart woman in suits designing beautiful constructions visiting the site and giving instructions to the workers It sounded pretty amazing as girl who will be doing such things And right now Im on the path to become an engineer but sometimes really do feel lonely and discouraged though These kind of talks really inspire and sharpen me lot Thank you so much And what you are doing right now is so great Debbie,Hope_speech
Shetty yes great one no what it takes to be an engineerI am also female mechanical engineering,Hope_speech
Im doing STEM and we have 19 students in our class,Hope_speech
out of 10 She uses her platform And were better off because of it,Hope_speech
Wafae Stop blaming men for womens choices of not getting into engineering and computer science,Hope_speech
Only one race the Human Race,Hope_speech
These protesters have completely disregarded the feelings of the majority of the people who dont want the statue to be removed And when these people actually did take it down they end up throwing it in the river Like that is the example modern society is supposed to be taking when we are all meant to be more environmentally conscious about dumping hope they are able to fish it out of the river,Hope_speech
Hes so brave and think hes great for always being honest about who he is to himself and everyone around him,Hope_speech
nobody said you can only be those two things Of course trans people can be gay,Hope_speech
How easy is it to amend the constitution to remove term limits Im not American so wouldnt know feel as long as the president is democratically elected,Hope_speech
Conversion therapy is torture The government should close all of those centers,Hope_speech
am pursuing electrical engineering and donno why this brought me in tears,Hope_speech
People should never have to be ashamed of their race or anything else None of us are responsible for what people in the past did We are responsible for what we do in our present ALL LIVES MATTER Thanks for your post Zackary,Hope_speech
How about Black lives are equal Because they are still the center of the topic and they just seek equality which this country has proven not to have given them in the past,Hope_speech
Apparently yeeting out of the closet means that you arent catholicChristian anymore Im Pansexual and still Catholic and am in relationship with another boy Love ya Flamingo,Hope_speech
Its amazing felt compelled to comment after being truly inspired by this woman,Hope_speech
My choice is to love nnHi Im Mike Pence,Hope_speech
Also in my country female students are better than male students in every lesson Its not because they are less than girls,Hope_speech
Its Maya did say BL dont am an immigrant in this country and know more than someone else what it is like to be different But will keep saying that ALL LIVES MATTER ASIAN who was discriminated because of covid BTW,Hope_speech
loved every word she said,Hope_speech
They should say Black lives matter toonI agree with you that all lives matter but it fails to point out that black lives were not equal in value to whitesnbased on history Sadly,Hope_speech
The child who said choose to love is so precious and enlightened hope more people are like them,Hope_speech
Im 14 and in my school Im in special class for STEM students We have 22 students in the class and of us are girls And yes the boys do think that they are so much better than us,Hope_speech
Only black life is matter WHEN it should be EVERY LIFE IS MATTER nPlease dont start riot and looting destroy in name of others like its happen in UK and America Its discussing Protest peacefully No one should be above the law no police officers and no protester,Hope_speech
Women today so physical labour lot more od they can do it today they couldve done it back then as wellTHERES NO excuse for not allowing women to vote or get education and sell them like property you fucking moron,Hope_speech
Very well said Gentlemen All lives matter Bernie wanted to vote for you but not no more because ALSO MATTER am Hispanic,Hope_speech
live in indian am 17 electronics commuation enggi have choosen am very proud hope its intresting feild,Hope_speech
Is this more of problem in the west Because if you visit other countries there are many female engineers and science majors,Hope_speech
Cobb Your statement is only partially correct Whilst it is illegal to hold an adult against their will with the intent to convert them,Hope_speech
Stone Agreed She really should have gotten it first Bill Clinton certainly did advocate for LGBTQ rights but not until much later Madonna was doing it long before it was fashionable,Hope_speech
Slavery the most heinous and disgusting crimes ever We cant honour slave traders as heroes,Hope_speech
Oh for the love of God ALL LIVES MATTER will not apologize for saying this Im an RN for 30 yrs treat ALL lives with empathy compassion,Hope_speech
This video is so inspiring cant wait to start engineering in university in September,Hope_speech
God Bless all the Police risking their lives everyday protecting our communities and restoring order,Hope_speech
know You should treat people as people and not colors,Hope_speech
Spot on bro People divide instead of unite And that is what the elite wants This war agaist races is total bs All lives should matter There are bad and good people of all ethinicity,Hope_speech
But you can be girly and know lot of technical stuff,Hope_speech
BLACK LIVES MATTER IS Racist statement which pushes narrative of hate and violence IDENTIFYING HUMAN BEINGS BY THEIR SKIN COLOR IS RACIST Besides dont think that ever met BLACK person Your skin Color is not black if you really want to go there,Hope_speech
Maybe lets stop assuming wether Annie will come out or not Kinda unfair to assume wether someone is LGBT based on the way someone looks,Hope_speech
think this is amazing Inspiring young girls What the heck is everyone complaining about This woman is my role model,Hope_speech
Everyones life SHOULD matter Clearly black people in usa overall do not share this EXP Maybe ask them why they say BLM Maybe to them they see place that does not value their lives,Hope_speech
starrynight0621 Ive never faced any kind of sexism at my school but because Im the best at maths and science in my class the boys cant exactly say its boy thing,Hope_speech
This woman changed the world and keeps changing it Including my life Thank you,Hope_speech
When was young was given dolls and kitchencooking toys but was more interested in creating my own miniature houses out of cardboard boxes With it had the option to put what want in my housesstructures It was much more fun to be able to create somethingnnI also loved drawing and started it young but then thought my drawings were different than my classmates and was too shy for anything so had to match my drawings to the theirs because was too scared to be bullied again was bullied sometimes was scared to be good at what do because would grab attention if didnIt just made me put away my interests as if these were not big deal and grew up thinking do not deserve to shine and beyter just be in the shadows and live passive lifenI regret it,Hope_speech
All lives matter includes black lives,Hope_speech
Every being is essentially justified by the mere fact it exists That is universal truth Then beings come to relative arrangements among themselves,Hope_speech
Ive always wanted to become an engineer,Hope_speech
Im studying Mechanical Engineering and this has boosted up my mood years later,Hope_speech
All life is from God not just black,Hope_speech
Diana finally an opened minded Christian thank god for you We need more people like you in this world,Hope_speech
Im bissexual conversion therapy surviver,Hope_speech
And we are happy you are not giving up on us,Hope_speech
All lives matter white black all human life is precious,Hope_speech
Jonathan Mason could also agree on one thing agree to disagree because no matter how many ways someone says something Im always going to think all lives matter because were all lives matter means is you matter other personal matters the world matters nobody should be treated like they dont matter when it comes down to it its all about ethics In fairness at the end of the day isnt that racisms weakness let me tell you this its not just about me its about everyone including yourself you should have right be treated fairly and dont have anything against you just saying believe the answer to getting rid of racism fairness caring about everyone no matter what their color is everybodys life matters including you care about even whats fair your side my side their side because dont like racism rather be solution to the problem then sit there and tell people but only my life matters when in reality thats bunch of baloney it doesnt matter what color you are your life matters and youre important as anybody else how could that be bad thing,Hope_speech
That is absolutely contradiction though Apples are real But you cant disagree with apples Homosexuality is real And you cant disagree with it,Hope_speech
took up an Industrial Engineering course long time ago didnt finish my course 1st year to 3rd year was doubting myself that cannot make it to the final year and when reached the 4th year that was the moment that was so eager to finish the course but unfortunately wasnt able to enrol for 2nd semester due to financial challenges When the speaker said that they were on female students in the classI remembered those days when we were also girls and no excuses on all of our classes and demos am now 36 years old dont see myself going back to study and continue the same course but really wish did,Hope_speech
god gave us choice,Hope_speech
This video was so inspiring But now Im in rough patch Im teenager going into my first year of High School signed up for Shop class but now am highly regretting it due to the amount of guys there will be and the lack of knowledge have guess was lucky according to this video,Hope_speech
this made me cry very inspiring,Hope_speech
Hates not going to get you anywhere in the world,Hope_speech
Im lesbian and Im so glad that didnt have to go through this Im sorry you had to go through this mean technically Im only out to my friends and my Mam and brother Im kinda scared to come out to the rest of my family,Hope_speech
Madonna has been an advocate from day dot She fought so hard for and with LGBT people She is an icon and legend in every sense of the word Her heart is so pure,Hope_speech
The Democratic Party is more dangerous to America than ISIS,Hope_speech
ETERNAL INSPIRATION nSHE SAVE MY LIFE,Hope_speech
saw it just now Like where have been This is amazing,Hope_speech
pats you on the back its okay,Hope_speech
Lives Matter If you have to have color before those two words youre racist,Hope_speech
God bless So happy that got out of all that stronger person God is love And love is love,Hope_speech
love this video lot So inspiring wanna be computer engineer someday but dont like math and science but Im not bad at it In fact my grade ranges from 91 and up in both areas They say just need practice to be really good in it,Hope_speech
Black lives matter Im white person but are you know that black people are still good just because we have different skin color doesnt mean people everybodys people on this planet,Hope_speech
like her creation Keep dreaming girl,Hope_speech
really dont agree on the process he went to am Christian but dont think the Bible teaches such procedure My job is to love on people,Hope_speech
All lives matter have all race in my family So sad Jesus loves us all the same and so should you,Hope_speech
was lucky to have parents that let me play with construction toys,Hope_speech
All lives matter no just black see if black cop did this to white man nobody would care of course he didnt deserve to die like this nobody should but still if this was vice versa people wouldnt care and know because this has happened in the past and nobody protested for him,Hope_speech
All LIVES MATTERnI believe this is true,Hope_speech
We are all equal in the eyes of our Lord God and Lord Jesus ALL LIVES MATTER,Hope_speech
it doesnt matter what your family does when you want to make career for yourself what matters is what you can or will do youre in no better position then the one who comes from poor family and also wanting to be video game developer,Hope_speech
Thank God he say that all lives matter,Hope_speech
Im really tired of these gender stuff,Hope_speech
If GOD VALUES ALL LIVES THE SAME AND THEN YES BLACK LIVES MATTER,Hope_speech
Heres our demands Stop killing us for no good reason We dont want to die,Hope_speech
remember when was 13 years old is when express your self started to come out in the 1990s and that song from Madonna made me who am to day It was song of strength,Hope_speech
of course you reached your goal,Hope_speech
Im senior high school girl want to become successful civil engineer This talk gives me courage Thanks debbie you inspire me more,Hope_speech
do really hope that the citizens of America Would not judge the color of their skin but the content of their character no matter what race you are or where you from do really hope that in the near or Far future that they would adopt the quote,Hope_speech
God Gave us choice my choice is to love nnnnYo watch out he gonna be king,Hope_speech
No one like her Thank you MADONNA You inspire me in world that is becoming so crazy Never give up hope NEVER,Hope_speech
God gave us all the gift of life,Hope_speech
Same Im Roman Catholic and Im bisexual too,Hope_speech
All lives matter if theyre good person,Hope_speech
Every life is equal,Hope_speech
All of US matters,Hope_speech
Im so proud of you keep your head high and keep fighting for your dreamswe need women in science we,Hope_speech
All Lives Matter,Hope_speech
Same here never saw it as something wouldnt be able to do if wanted to And never thought being female should play part in that Who cares if there are fewer women in the engineering fields than men Im here because wanted to work on engineering projects,Hope_speech
Madonna born man no wonder,Hope_speech
even if shes talkin for women as male was really motivated by her always wanted to be an engineer but lack of confidence that maybe im not smart enoughor not born smart enough but its more like how bad you want it,Hope_speech
think this is so biased hiho Honestly way too biased to be represented in this way to kids Not fair nWhat he said religious people dont like gays is so wrong The people who believe in the God of the Bible love Gods creation We love gays just as much as any sinner We believe it is one of the many sins that seperate us from God,Hope_speech
started crying without even noticing watching this ted talk One day will be an engineer too,Hope_speech
Wow This is amazing You are changing the world for better,Hope_speech
Omg luv Madonna She is my hero and will always defend her against all the haters Lets appreciate this living legend,Hope_speech
everyone talking about the girlnshe was clearly protecting herself she came out bi recently,Hope_speech
Yes Black lives matter but anti American socialism should have no part or say in the future of true Bible believing black Americans or their children and thei families Take care,Hope_speech
Madonna speaks the truth no superficial how wonderful,Hope_speech
WE WILL NEVER GIVE UP LGBTQI RISE,Hope_speech
Before that he also said hate isnt going to get you anywhere which is something people in general not just homophobic people need to learn,Hope_speech
The problems that they bring up are real and are faced by women in the tech industry It may not seem like,Hope_speech
This speech was really inspiringit has given great solution to my confusionlm clear now,Hope_speech
Its not All lives do matter End of argument,Hope_speech
love all people regardless of race,Hope_speech
Thats itnnAll lives matter no doubt,Hope_speech
When you cant say All lives matter your racist All Lives matter,Hope_speech
Im so inspired am 14 years old want to be civil engineer but people around me,Hope_speech
This video is awesome Im 15 year old girl who will probably go into engineering at uni and cant wait,Hope_speech
Great Message Madge Where theres life theres hope,Hope_speech
God gave us choice My choice is to love That is the sweetest thing Ive ever heard,Hope_speech
Randomgirlwhosings0804 Why does she feel the need to have to agree or not agree with someones sexuality Why does any Christian its really weird there is nothing for you to agree with,Hope_speech
Im STEM student and really wanted to be civil engineer,Hope_speech
girl Also my other issue is as the LGBTQ community is fighting for freedom equality they are treating anyone with different opinion as if theyve done something wrong,Hope_speech
littlemermaid GO for it Show us how it is done Your way,Hope_speech
Thats really greatYeahThats itOne person can make all the difference,Hope_speech
The gays are so wonderful,Hope_speech
This inspired me so much As CS major,Hope_speech
bakkoush she was obviously raised differently than the other kids was raised extremely conservative and considered myself hardcore conservative too and stayed that way until met people that had different beliefs than my own That wasnt until was about 15 For all we know shes only just now really being exposed to these things She may change her mind on homosexuality,Hope_speech
Im girl who grew up with Legos,Hope_speech
Everyone is equal,Hope_speech
came out and started dating my best friend,Hope_speech
dont really understand the idea of people assuming peoples sexuality based on their appearance Like we are fighting against stereotypes but still are using stereotypes,Hope_speech
She was being respectful though dont see how someone cant agree with something youre born with but if theyre being nice thats all that matters,Hope_speech
conversion therapy subjects people to abuse and many people who survive it end up with some sort of trauma disorder,Hope_speech
Haskins Every life matter Every life is special,Hope_speech
Ah Glad this video popped out in my suggestion just in time am freshman in agriculture engineering And female At first,Hope_speech
will always be thankful for Madonna Shes reason Im not afraid to be me even have portrait of her,Hope_speech
This truly hurts my heart God does not want anyone to hate anyone God is LOVE and FORGIVENESS All sin is equal,Hope_speech
Thank you so much for what you are doing and for being brave and determinednnIm female engineer and an artist and Ive experienced everything that youve described One of the hardest things for me is struggling with being real girly girl and really good engineer The line dont fit in really resonates,Hope_speech
After watching this im convinced have potential loved playing with my dads construction tools and building games lol bit too simple Im watching this in 2019 because Im studying IT in class full of men dont want IT to be my end goal though but do want the motivation to get through my first step have no idea where Im gonna land lol,Hope_speech
My inspiration,Hope_speech
queen to the LGBTQ Community,Hope_speech
What matter Every lives is matter,Hope_speech
That kid that asked for tips on how to be good friend is an incredible person Wonderful Take that and go far kid You have beautiful life ahead of you Youll always be loved :orange heart:,Hope_speech
Sandberg if you are saying that in response to BLM then let me give you lesson The reason black lives matter started was because we want all lives to matter Saying all lives matter is just being selfish and wanting to not feel like the bad guy Because whites arent bad,Hope_speech
Im helluva engineer and the fact that am an attractive female means nothing You cheapen the degree by isolating women from men graduated from GT in 1988 It was,Hope_speech
this is what call an inspiring video good for you girl im ordering one of your toys,Hope_speech
Whatever happened to Coronavirus Remember how governments and the elites told us to stay at home and not gather in large groups because of this Deadly Virus Now the same Elites are supporting this large groups of people gathering and some dont even speak out against This nHypocrisy,Hope_speech
Boa In US women are given preference over men by,Hope_speech
And might not be in position to come out safely,Hope_speech
My mom teaches high school physics,Hope_speech
Almost everything in kids education is NOT gender neutral Thats the point,Hope_speech
she is great engineer also want to become professor of civil engineering and teach uni students was really inspired by her great work,Hope_speech
am female and will be starting mechanical engineering in the fall this is so inspiring wow,Hope_speech
Complains about stereotypes of women in STEM but then admits what the real issue is,Hope_speech
mean you cant really choose who you fall in love with maybe she was just bi all along,Hope_speech
Annie is honestly brave for being truthful,Hope_speech
Whoever tries to change people is messed up nWe should learn to accept people for who they are nIf you dont agree with who someone is do not change them,Hope_speech
Equality is where all lives are equal,Hope_speech
Yeah all lives matter dude that includes black lives ALL means every what is it just like ofcourse every life matters besides black lives so we absolutely need to call it black lives matter to make people realize that or am right and black lives matter is racist,Hope_speech
Inspiring the next generation of Femgineers,Hope_speech
pray to get the chance to thank her for keeping me alive during very bad time in my life as young teen She is legend beyond legends Thank you Madonna,Hope_speech
Its cultural because girls in 3rd world societies go for jobs they dont enjoy but that pay well,Hope_speech
Yall really need to let go Yes we know all lives matter Thats given But the reason why people have to say black lives matter too is because black lives have it mattered since the 1800s We know like white lives matter that has been proven that white lives matter over all of her lives in America time and time and time and time and time and time and time and time and time and time again Nobody has ever questioned if all lives matter So that part of the conversation is over with and irrelevant Now lets concentrate on the lives that have not mattered in America Please concentrate and focus on what needs to be done to help Dont concentrate on what needs to be done to perpetuate the current paradigm It is time for change All lies has always mattered and white lives has mattered above all in black lives has mattered the least in America Stay focused people,Hope_speech
Im also studying chemical engineering also cried when watched this video:sneezing face: and totally understand how you felt,Hope_speech
She is sooo nice God bless her Love from Colombia,Hope_speech
am man and support this,Hope_speech
james bolem look up the actual meaning of BLM 2020 We want equality for all races We want to end oppression We want to end killing of innocent ppl We want to end brutality We want to end stereotypes If you cant see that,Hope_speech
Randomgirlwhosings0804 what is there for you to agree on when it comes to sexuality Its their sexuality You cant change it lol,Hope_speech
All lifes matter anyone who says other wise is rasist,Hope_speech
Every life matters Im rich and white and Ive never been taught to hate have friend of all color cause Im purple Get it together people,Hope_speech
God bless that sheriff All Lives Matter,Hope_speech
The world is telling men to dieThe Democrat party is telling men to dieFeminists are telling men to dieHillary Clinton said WOMEN ARE THE FUTURE,Hope_speech
All lives matterwell,Hope_speech
Im lesbian and Christian and think thats completely okayGod doesnt hate anybody,Hope_speech
BLM sounds racist to me it should be human lives matter,Hope_speech
All Lives Matter AlwaysnIf you dont like it,Hope_speech
pray to get the chance to thank her for keeping me alive during very bad time in my life as young teen She is legend beyond legends Thank you Madonna,Hope_speech
PEOPLE matter We need to not care about skin color As MLK said,Hope_speech
His voice makes my throat hurt,Hope_speech
God wants understanding and acceptance of others Thats it Literally the number one rule is love thy neighbor nThese people Smh,Hope_speech
Xx You know what This response is kinda cool am not going to shame you for what for you believe because you have your own history and experience People are trying to engage and we can respectfully disagree Having respectful discussions is the point think people want to talk rather than argue to prove they are right at this point The slogan is supposed to be divisive to get people to talk,Hope_speech
god gave us choice and my choice is to lovennnThat kid is so sweet,Hope_speech
We are so lucky and fortunate to have someone so smart and so dedicated to us and the cause,Hope_speech
why is black lives matter even thing,Hope_speech
KEEP PEACE AND LOVE YOUR HEARTS,Hope_speech
This video isnt about rights Its about stopping the cultural idea that women cannot go into STEM because its perceived as masculine profession lot of female classmates grew up with wer told constantly that girls cant do math Its cultural issue,Hope_speech
as much as dont really agree with annie she was really polite about it and respectful,Hope_speech
My choice is to love my heart love him bro,Hope_speech
This was so powerful and appreciate conversations with kids This is beautiful thing that you are doing and one of the greatest conversations Ive ever watched Shoutout to some of the parents because the kids were pretty mature,Hope_speech
OMG wish could be one of the kids would love to talk about this LGBTQS we are together Always fighting for our rights are not alone,Hope_speech
Where is the law here Anyone can do anything Where is democracy BTW dont like the statue and think it was bad to have it in the first place But my question is still valid This is not the way This is anarchy,Hope_speech
There is only ONE race The HUMAN race,Hope_speech
Im sorry but cant fight racism with racism blacks can be as racist as whites all racism is wrong doesnt matter who the race is,Hope_speech
Every life does matter Example,Hope_speech
dont think testing school kids on science is really indicative of STEM aptitude Girls brains develop faster and they are typically better students early on Also,Hope_speech
all lives matter isnt discriminating along racial lines,Hope_speech
Actually it depends on Great many things All lives matter,Hope_speech
You can believe in that it is not easy but its posible xoxo,Hope_speech
god gave us choice my choice is to love,Hope_speech
Inclusion will only work when people show up ready to include themselves instead of sitting around,Hope_speech
Omggg these kids give me hope for humanity,Hope_speech
rou Im chemical engineer from South America What Ive learned in my college years is that to earn your degree you dont need to be that smart though it certainly helps,Hope_speech
Is Alive you can be lesbian and Christian,Hope_speech
am an 8th grade girl and want to be Biomedic engineer,Hope_speech
mdnayoure beacon of hope in dark unpredictable worldthank you for standing up and continuing the fight for changei love you,Hope_speech
Its so nice seeing the these comments Im pan myself and it always makes me so happy seeing others like me,Hope_speech
Conversation therapy is so disturbing to me and should be illegal,Hope_speech
She saved mine as well Thank you with all my heart,Hope_speech
Im in my fourth year studying civil engineering and have had very similar thing happen to me in class where was the only girl out of 40 studentsnIts lot more common then you think,Hope_speech
Thank you for sharing such an inspiring story of yours am Filipina,Hope_speech
You have to check out the trailer for imperium all the easily offended are coming out of their hidey holes Its sad Just scroll through the comments and you will find cancer its disgusting to see people find way to hate movie that is purposefully being as neutral as possible while also making statement on the worlds problems Please want to see your opinion,Hope_speech
Madonna educates people on many thingsShes there because shes destined for itShe does lot of good admirable things,Hope_speech
In my Engineering and Architecture Department around half the students are women It has really come long way as to decades ago where only handful of women are in class Our landscape architecture and chemical engineering graduates are all women Why have no idea to be honest,Hope_speech
The things that she has done are magnificentShe has personally flewn to Mexico to buy her friend some medicine for AIDSThis is not your everyday type of womanShes so intelligent tooI dont think shes appreciated enough,Hope_speech
Shes so about on the verge of tears This is PURE Shes an awesome human being love you MadonnanThanks for all youve done came out this year,Hope_speech
You cant change the world with hate you just make hate and you cant change people without showing changing in yourself if someone going stay corrupted the rest of the world aint going to change for you and some people and going to change you just got to be happy in your life amongst world full of haters,Hope_speech
Ashton Levry get what youre saying but at the same time why should they defend people that we say all lives matter if were all created equal shouldnt there be all right for us to say all lives matter because honestly think we do matter we all matter but even if youre what youre saying is true then it shouldnt hurt your feelings that we say all lives matter no offense,Hope_speech
She has never been afraid to say these are my friends and love themnThis was well before it was fashionable to embrace the gaysnShe and Elizabeth Taylor were throwing millions of dollars towards AIDS research in the beginning,Hope_speech
cant imagine family putting their child thru tortuous conversion program Embrace and love your kids for who they are,Hope_speech
You are AWESOME and so inspiring,Hope_speech
This made me tear up Hello from South Africa hope you didnt give up,Hope_speech
Lol was thinking sthg on similar lines based on the body language pose etc Its fine Love to that person Its hard to go through anything like that,Hope_speech
The lives of recidivists are not important And it doesnt matter about skin color,Hope_speech
It wasnt erected as symbol of slavery it wasnt symbol of racial profiling it was erected as historical significance for what he did to help build in the city on the basis of your argument youd have idiots destroying 90 of all historical buildings and monuments in the uk Protest peacefully not ok to go around defacing property as mass mob Abide by the law or face the consequencesstupid sheeple committing crimes an eye for an eye is not acceptable democracy and justice is,Hope_speech
This is so inspiring always watch this when feel discouraged,Hope_speech
Animal lives also falls into all lives matter,Hope_speech
She is now she came out few months back and Im there for it,Hope_speech
all lives matter without that we never have peace so to me forever all lives matter,Hope_speech
dude serious Theres people watching videos about innocent Muslims living their daily lives but yet there are those western comments hating on them and calling them terrorists somehow those people deserve more positive attention than LGBT since innocent muslims are getting killed nJust an example on how stupid your comment was,Hope_speech
So he saying white lives doesnt but Ill always say all lives matter,Hope_speech
Her eyes are so beautiful Very striking You can tell this is very heartfelt and emotional and genuine She has become very soft spoken here and it says much to the love she has in her heart for the underdog and those who suffer Wonderful Madonna,Hope_speech
Im pursuing civil engineering and most of my classmates are boys tho,Hope_speech
All lives matter implies that all lives matter It doesnt mean to say that certain group of peoples lives dont matter It may also include groups that dont face any oppression and groups that do It also implies that the oppressed groups should be equal to the nonoppressed group,Hope_speech
The things she says are truly inspiring It really feels like all of the engineering world has been constructed by old white men and is targeted towards old white men,Hope_speech
TheLegend27 Is Alive just because your Christian doesnt mean you cant be lesbian know someone who is Christian and lesbian,Hope_speech
She came out,Hope_speech
All humanity matters,Hope_speech
say it differently Human lives matter If only black lives matter then someone is racistnWhen pull man out of ditch hes not white or black or brown,Hope_speech
Im Christian and dont know how someone who can claim to love Jesus do these things to person This is unjust and cruel We are told to love everyone equally and cant stand for this Im so sorry people actually had to go through this Have wonderful day and stay strong you beautiful person Dont let anyone tell you who you can and cant be,Hope_speech
If have learned anything from this woman it is that corporations dictate way too much by deciding how girls and boys should live Dont let corporation dictate what your child should play with as these toys influence alot You as the consumer decide what the demand is and the supply will come Imma share this video to somebody,Hope_speech
Lets talk about the fact that we are in the middle of serious pandemic and people are dying left and right Thats where our focus should be right now Not about whos life matters and whose doesnt Stop the madness please,Hope_speech
Were all equal right,Hope_speech
The word survivor is kinda being over usedmiss used When think someone survived something assume they almost died know conversion therapy is terrible,Hope_speech
hope he helps her come out of the closet,Hope_speech
She saved my life and gave me new hope,Hope_speech
Im from the UAE and they respect everyone,Hope_speech
Can people please stop saying Annie should come out of the closet or she is in for rude awakening Like really guys Dont judge her off of her appearance You are going off of stereotypes,Hope_speech
Lexus Fox Women in western countries dont choose to go into those fields because of lack of interest and that is due to cultural reasonsIn third world countries live in one engineering is not predominantly male fieldIn fact didnt know it was in the western world until watched this video and read some stats on it,Hope_speech
want to be chemical engineer soon hope will become in the future,Hope_speech
Im so sorry for what has happened to you by so called Christians Im Christian and were here to love and meet others were they are not force our beliefs onto others and hurt people Thats never what Jesus intended and apologize for them,Hope_speech
am so so lucky to have Madonna in my life nAfter all these years of ups and downs,Hope_speech
Good on the women choosing these fields instead of the whiners that say more women should be in STEM but hold degree in social justice or similar pointless crap Be the change you want to see,Hope_speech
God gave us choice My choice is to love,Hope_speech
stands for Brave nL stands for LoyalnA stands for AwsomenC stands for Courageous nK stands for Kind nnDont hate on people for the colour of their skin,Hope_speech
Can we please stop stereotyping homosexual women looks Thank you,Hope_speech
We are one nation under god after allnAll men are created equal in the eyes of GOD nso people should start treating people the way they want to be treated,Hope_speech
cant believe that people like me are put through such abuse It breaks my spirit,Hope_speech
All lives matter Anything else is literally creating division,Hope_speech
All Lives Matter,Hope_speech
This is for everyone am an 11 year old female want to be mechanic or engineer since made helicopter in DT have always been bit of tomboy since was young had poweranger action figures and loved marvel and DC and loads of action films when was about seven bunch of girls pushed me in to ditch and hit me with sticks was to scared to fight back but to strong to cry just stood there let them hit me and call me transgender until finally plucked up the courage to fight back stood there then as they were coming towards me took risk and dived into the thorns they missed me by millimetres so took the opportunity to run home ran to my bedroom and cried and years later still have problems with it but just want to give my message that we are all equal no matter race,Hope_speech
of course all lives matter Including of course black lives,Hope_speech
Nobody ever said one life matters Its just bringing awareness that black lives matter Did they say ONLY black lives matter,Hope_speech
am bisexual and am scared to tell my parents because am only ten years old so they wouldnt understand me the only one who knows this secret is KantaDiya she is also bisexual she is my dads another wife that no one knows about except me,Hope_speech
If women can go into engineering without being judged,Hope_speech
find it difficult to say that hate Islamic culture but not the individual people,Hope_speech
am Roman Catholic believe that we should not mistreat members of the LGBT community We should always treat them with respect and to love them with Gods grace and power,Hope_speech
All Lives Matter,Hope_speech
dont agree with conversion therapy,Hope_speech
This is so good As woman who loved math but never had anyone suggest engineering thank you have two girls and dream of all opportunities for them Thank you,Hope_speech
ALL LIVES MATTERS we should be in this movement not there were only there kind matters,Hope_speech
havent come out to my family yet They arent religious they think that it doesnt matter who you like You just have to be good person but Im still so scared to tell them Ive told my friends My best friends were fine with it,Hope_speech
am kid who dreams of being an aerospace engineer at nasa,Hope_speech
This is great video As female engineer run into all of these struggles on daily basis also had hard time learning spatial skills and struggled in drawingCAD class GoldieBlox is great first step to helping get more girls interested in engineering and build their confidence in STEM,Hope_speech
All lives matter end of story,Hope_speech
JESUS CHRIST died for all lives from Adam to the last person born on earth ALL LIVES MATTER,Hope_speech
Rizki religion is choice whereas homosexuality is something youre born with,Hope_speech
Women should have the oportunity to follow their dreams despite anyone telling them NO you cant,Hope_speech
BLM winning hearts and minds wherever they go,Hope_speech
Racism is part of Capitalism,Hope_speech
Conversion Therapy aka Abuse Segregation isnt thing in America anymore We have already accepted that were all equal and that we dont have to be segregated,Hope_speech
remember watching this when was fifth or sixth grader when didnt really have clue about what was interested After four years,Hope_speech
Because being straight is the norm and people assume that everybody is straight Because lot of people are homophobic you grow up hating yourself and being fearful to say who you truly are,Hope_speech
There is only ONE racethe human race,Hope_speech
saw people saying that engineering is not thing capable for girls From that day decided to be an engineer and shut those peoples mouths,Hope_speech
So surviving from mental abuse isnt considered survivor They wanted to strip his identity from him Maybe think before you leave comment,Hope_speech
gx np We are all human,Hope_speech
agree racism is aids But tearing down the statue is utter bullshit Its not like people go there to admire him,Hope_speech
This video is so inspiring because im goin to study to becomr an enginner,Hope_speech
are such an inspiration,Hope_speech
Madonna if only you realised how much you affected my life through your music and passion you have brought me so many happy moments and for countless others,Hope_speech
dont understand how people can just not agree with homosexuality like its not something you agree with you just have to accept it because thats just how some people are,Hope_speech
grew up being supported by my chemical engineer father that taught me math with so much joy and love,Hope_speech
Now for premise am not American and dont get the whole context and details of this issue but according to my research meaning stats some from the FBI black lives are disproportionately hurt by police brutality compared to other races,Hope_speech
Beating someone with Bible Have they ever actually read the book To say nothing of the fact that beating someone to get them to do something is liable to make them more determined not to Of course it doesnt work anyone who expects otherwise is kidding himself,Hope_speech
Id hug this guy And if were at the conversion therapy Id act like Ian from Shameless and free everyone,Hope_speech
ALL LIVES MATTER The current discussions are racist and those who call out others being racist,Hope_speech
am so grateful to live in an environment where rarely get to hear things like engineering is not for women When was little,Hope_speech
Every lives matter all lives matter God bless Us all God said love one another,Hope_speech
Madonna has always been philanthropist for the LGBT community,Hope_speech
Skrezo Loving the same gender is sin Then good chunk of the population is sinner There is nothing wrong with being LGBTQ,Hope_speech
So like boys like sexually Like would marry boy But kinda like girls romantically And Im not against romantic feelings towards the same gender Now sexually dont support it but will be there for anyone who is support people not for what they do but for their spirit and compassion towards everyone Pls dont come at me,Hope_speech
Anderson would say the reason why so many people are on welfare is for historic reasons lot of black families got economically screwed over from the time when they were enslaved to the 20s and even today know it sounds hypocritical for me to say this after my previous comment was about white guilt,Hope_speech
Tran Thank you so much for your support,Hope_speech
All lives matter says God,Hope_speech
All Lives Matter Follow the laws and be productive citizens in society then your life will matter otherwise you put your life in danger and it will not matter,Hope_speech
some comments under this video honestly make me want to throw up why are so many of you assuming that religious girls gender and sexuality thought this community were way smarter than this,Hope_speech
God created all humans,Hope_speech
all lives matter but black lives are not currently being treated equally the goal of the BLM movement is to create equality not supremacy,Hope_speech
You can do it Believe in yourself,Hope_speech
smh atleast you got the choice said am doing software engineering and the response got made me lose hope before even started anyway rebuilt my hope and am doing it it dont matter,Hope_speech
Thats horrible and inexcusable to do to another human being even more so child Whether person agrees with homosexuality or not DOES NOT give them the right to play God and judge another on their sexual preferences believe in reading the Bible and showing love and acceptance in one another and focus on verses such as John,Hope_speech
God gave us choice and choose to love so powerful Sadly not all Christians think like this,Hope_speech
guess this is better start to getting us back to where we were before with childrens toys just dont see the reason for toy companys to have gone that route in the first place Or maybe our culture should stop genderizing professions Though,Hope_speech
im sitting here watching this and when he says god gave us choice my choice is to love im trying not to cry bc my family doesn know yet told my mom but not really anybody else in my family,Hope_speech
Im and by watching this video want to be gaming scientist,Hope_speech
Barth am all for people being happy,Hope_speech
All lives matter even little EVEN LITTLE ABORTED BABIES THAT HAVE BEEN KIILLED ALL LIVES MATTER EVEN THE BABIES AN CHILDERN WHO HAVE BEEN KILLED BY THEIR PARTENTS AN CHILD MOSLESTERS AN SO ON ALL LIVES MATTER TO GOD TOO AN THAT MEANS ALL LIVES,Hope_speech
All lives Matter god created all people equal,Hope_speech
All lives matter to God including the unborn Its time to stop calling this country racist Do you remember what color our last president was And remember there was only one Martin Luther King Jr Dont try to reincarnate him God rest his soul,Hope_speech
All lives matter includes every life,Hope_speech
Id agree if she didnt say that homosexuality was sin But she did,Hope_speech
If someone says to you black lives matter then you reply all lives matter that really says lot about who you are,Hope_speech
Every life matters dont understand why these people would boo that,Hope_speech
am woman and an Engineer and feel like fit in just fine,Hope_speech
All lives are sacred all lives matter,Hope_speech
cant believe live In world where saying all lives are important is condemnable :person facepalming:,Hope_speech
If person goes to war it is all lives matter You rely on the person next to you as much as heshe is relying on you,Hope_speech
Exactly guess thats not what theyre fighting for Obviously So many innocent people have died Business is ruined people hurt and injuredfor what For whos behalf How can one justify this thought the whole point was for the country to come together for the good of the country and for everyone,Hope_speech
was just accepted into Purdue Universitys engineering school and Im so excited never had any interest in engineering until took physics class and fell in love Being massive creative person this is such relief Knowing dont have to give that up to be an engineer You are such massive inspiration Thank you so much,Hope_speech
Through all the years her music got me through some tough sht will always be grateful :orange heart:,Hope_speech
jzizzles Im Christian and my family loves all people,Hope_speech
Yesterday was the day just received my results and were accepted to the bigger institute of engineering of my country nThan here started the critics of my family and teachers what Youre girl Go and study medical science and leave engineering for boys Youre crazy You just lost your good grades for engineering while you could study biology of become doctor Why this speech helped me so much to realize that yes its possible to succed in engineering EVEN IF Im girl,Hope_speech
YouTube Account it is her right to think that though She isnt stopping anyone from using their rights,Hope_speech
Being girl is not just about pink color and dolls and homie stuffs It is more than that We all are equal Thanks for giving this wonderful speech and sharing ur thoughts with this world am really glad,Hope_speech
The founder of the Toronto Pride event made statement after pride day was over basically saying that BLM will not dictate to pride what they can or cant do He only signed their demands to move them along,Hope_speech
She is cool and inspiring too,Hope_speech
Theres good chance the religious girl just said what she knew she had to say because she knows her community will probably watch the video,Hope_speech
Jenny Yao am asking for 5050 with strong protections against misandric discrimination Males in those professions are double victims of capitalisms wage scale inequalities and also sexism against men in those professions,Hope_speech
Im so glad my parents always gave me puzzles and remote controlled cars and let me tinker on small appliances as kid was never drawn to baby dolls and Princess shit,Hope_speech
Rojas Just because she looks certain way doesnt mean shes in denial or anything,Hope_speech
dont agree with heterosexuality Does that make any fucking sense How can you agreedisagree over what someone IS If you say youre straight,Hope_speech
am rooting for you Dont listen to naysayers If you want to be gaming scientist,Hope_speech
cried That was extremely touching Thank you,Hope_speech
Beatiful It was inspiring for me,Hope_speech
they mean that the fact that girls dont normally choose STEM fields is because we are socialized to be interested in other stuff Which is bad thing because when someone does break the norm,Hope_speech
was an engineer and starting to be an 8th grade math teacher just this year at 53,Hope_speech
All are like unto GodnAnd we should be ashamed to thing we are above someone nJesus Christ said no better love then this but he who lays down his lift for his friendsnAnd that is just what Jesus Christ did for all who ever lived nTo him each of us mattersnWho are we to say one color is above anothernWhite people died to free slaves And Black people died to keep our country free We owe lot to bothnAll lives matter,Hope_speech
All you need to do is let girls choose their own subjects Dont make other girls have to choose what you want them too Give them their own options In fact Ive never heard anyone tell girls that they cant choose engineering or science Let them choose what they enjoy,Hope_speech
If it is accepted that all lives matter,Hope_speech
Not agreeing with someones sexuality is like not agreeing with someones skin colour Its part of who they are nnIs there an aversion therapy for being heterosexual,Hope_speech
used to mix potions and experiment the outcome on my dolls Im currently working on degree in Computer Science with an engineering focus love this video,Hope_speech
started crying when she quoted the mom who said You can be anything So many people do not realize how important it actually is for girls to believe that,Hope_speech
Keep hanging in there totally get you darling am doing Electrical engineering am african so get you,Hope_speech
Keep up the good work Debbie always like to work with female engineers,Hope_speech
internalized homophobia is sadnhope that any closeted kid can stay save until they feel ready to come out,Hope_speech
All Lives Matter,Hope_speech
We are equal humans nAll of us are equaln:handshake::handshake::handshake::handshake::handshake::handshake::handshake:,Hope_speech
ALL LIVES MATTERnALL LIVES MATTERnALL LIVES MATTERnALL LIVES MATTERnALL LIVES MATTERnALL LIVES MATTERnALL LIVES MATTERnALL LIVES MATTERnALL LIVES MATTERnIts not controversial when you pay taxes,Hope_speech
God straight up says love everyone so to me that over powers everything,Hope_speech
Now want to be engineer,Hope_speech
Not matter if you like man or woman god love you all equal,Hope_speech
agree that there are some bad cops yes Ill admit it But most are good agree George shouldnt have been killed but it seems the cop just over estimated his strength,Hope_speech
think he handled that very well in way that made it both very real for them while keeping it within what they could handle Well done Marcus,Hope_speech
Shoutout to Annie for being so real Despite her beliefs,Hope_speech
Can just say Theres like no proof that God hates Gays,Hope_speech
No we are all from earth and Africans can live in America so what if you arent from that place,Hope_speech
Yes it is controversial to say at this time after this tragedy all lives matter Yet Its shame for America to say black lives matter 2020 still stuck with racism It means black life is worth less If feels bad to hear it As human specie we have lot more to learn and need to have some humility We were just hit by virus,Hope_speech
What dont understand about most of these comments is that people are saying that girls with short hair are automatically lesbians or the clothes theyre wearing Looks dont Define Who You Are It doesnt mean if girl has short hair or if theyre clothes not girly enough doesnt mean girls are automatically lesbians You cant just put label on someone and call them something that they are not without knowing their real lives and stories,Hope_speech
Joannot Fampionona Thats changing the definition of violence completelynnAnd about those cases these women present they sound to me like exaggerations made by them What do you do everyone gets ask that not only women And being surprised that someone is an engineer is normal,Hope_speech
And we are happy you are not giving up on us,Hope_speech
And women in engineering are perfectly competent agree,Hope_speech
This is extremely inspiring as im applying for colleges now to become chemical engineer really hope this sort of attention to the lack of female engineers only increases,Hope_speech
All Lives Matter Remember Jessica Doty Whitaker,Hope_speech
got degree in chemical engineering because of this video still cannot believe did it Still debating if it was good decision but hey it cant be undone now XD,Hope_speech
GOD LOVES ALL OF MANKIND HE HIS NO RESPECTABLE PERSON IN HIS LOVE ALL LIVES MATTER,Hope_speech
feel the same way with being pilot Im women and Im headed down the road of becoming commercial pilot Only of women are pilots really hope to see more women join these professions,Hope_speech
have always loved her and her soul Madonna you are amazingly inspirational,Hope_speech
This was so inspiring to meNowadays many people doubt about women becoming engineersBut Im sure next generation is going to make changeIm from Argentina and next year Ill finish high school and will study environmental engineering,Hope_speech
Thats incredible Keep it up,Hope_speech
All lives matter Anything else is racism,Hope_speech
If you think saying ALL LIVES MATTER then dont say BLACK LIVES MATTER It works BOTH ways folks The BLACK LIVES MATTER statement is offensive to me,Hope_speech
The problems is that one doesnt negate the other If All Lives Matter then what is the problem with saying Black Lives Matter or Blue Lives Matter They are part of the All am correct Not like when the constitution said We hold these truths to be selfevident,Hope_speech
all live matter key word ALL meaning ALSO black lives,Hope_speech
WE NEED MORE GIRLS IN THE STEM FIELDS JOIN US,Hope_speech
Is Alive Im Christian and Im Lesbian,Hope_speech
How about more women pouring concrete,Hope_speech
Im sorry but saying black lives matter is excluding other races which it in itself is racist,Hope_speech
Charlotte Hansen Im Christian and my job is to love everyone no matter what makes them different from me These kids are so cute and very respectful,Hope_speech
look to day when people will not be judged by the color of their skin,Hope_speech
when someone says dont agree with homosexuality is like hating people who are left handed,Hope_speech
All lives matter to JesusI will side with the Lord,Hope_speech
RESPECT LGBTQ PEOPLE SUPPORTING YALL TILL MY LOVE GIVES OUT :star-struck:,Hope_speech
think its cool that you give people voice to speak out with here on this channel,Hope_speech
This is the best vid in this channel Marcus was so good with these kids and the kids were open Even Amy when she said that she was open to it hope that Amy changes her mind eventually,Hope_speech
You inspired me to keep moving on my engineering program You are amazing thanks alot,Hope_speech
God gave us choice,Hope_speech
Im female marine engineer and also graduated from naval academy with rank of 2nd Lieutenant Reservist and used to work as third mechanic engineer onboard very large crude oil tanker vessels,Hope_speech
18 literally was bisexual when was SEVEN,Hope_speech
IncredibleAwesomeso uplifting and inspiring THANK YOU,Hope_speech
Doesnt matter what religion practice or if even believe in god,Hope_speech
Conversion therapy should be illegal Doesnt it go against the protection of natural rights,Hope_speech
wont give up bc were there for me and you continue here have to fight too,Hope_speech
remember when she performed cpr on me after rescuing me from the water,Hope_speech
Tenacious Tacosnthere tends to be this antagonism towards women stating their point of view because it is automatically viewed as misandrist and discriminatory against men when paradigms like sexism and racism are not symmetrical because of the historical precedents where one group has been favored more than another These scholarship initiatives are merely attempts to balance an unbalanced game Not to take from opportunities that were already there supplement not supplant Theres enough to go around,Hope_speech
SHE LITERALLY SUPPORTED THE LGBT COMMUNITY BEFORE ANYBODY EVER DID PEOPLE DONT UNDERTAND HOW IT WASNT COOL OR TRENDY TO SUPPORT THEM,Hope_speech
Im trump supporter Im anti Islam and anti feminism BUT Im pro LGBT pro womens rights just not for all the femenazi BS,Hope_speech
Yes all lives matter,Hope_speech
wanna be civil engineer too Youre not alone Go ahead You can do it,Hope_speech
Every life on this world matters,Hope_speech
Smokey didnt say knew what color skin you had also you said cant throw it in white peoples faces dont even know if whoever wrote the comment is white and just cause it happened in the past does not mean racism just suddenly disappears Black people are the ones that are oppressed sir but if you want to talk abt white people they arent oppressed so good for them Also Im literally half white Im not blaming white people for what happened not every white person is racist sir thats not what said,Hope_speech
All lives matter Especially children lives matter THE MOST End child trafficking End wars End hunger Children are our future We need focus on them,Hope_speech
Prayer Corner nI understand and agree 100 whith what youre saying and Im also proud ChristiannI was just saying that the people the commenter asked about must have some power if the higher authorities are covering up their mistakes instead of taking the correct actions against themnI listen to and admire alot of priests and what they say and how they livenMy point was that alot of people follow the leaders of the religion any religion blindly,Hope_speech
Hey have respect for All Lives MATTER Its the TRUTH that is being ignored The Politicians are creating narrative that diverts attention away from our Childrens Safety,Hope_speech
Also my choice is to love is more powerful statement than think that child realized That is incredibly beautiful and heartwarming to hear,Hope_speech
All Lives Matter Not Just Black,Hope_speech
If all lives matter then all lives should be treated the same But its not when you are arresting white people but killing black people so yes BLM,Hope_speech
thats funny because last time checkednn1Women are smarter than mennnOnce women started demanding equal rights,Hope_speech
My mom told me that if someone really believes in their religion that will except you for who you are not who you arnt,Hope_speech
As someone who dosnt really feel comfortable saying Im religious but would say my beliefs fall most closely to Christianity and attends church regularly this whole concept of conversation therapy disgusts me have read the Bible through and through Yes the Bible does say that homosexual actions are sinful It also says thousand other things are sinful things we are all guilty off in our lifetime the Bible clearly says all sin is forgivable The Bible says the greatest commandment is love Jesus when faced with the option to condemn chose love over and over and over again He forgave and he showed compassion In fact the only people Jesus was super blunt or mean with Was not the drunkerds,Hope_speech
My grandpa was an engineer and he bought me my first LEGO set at years old 13 years later Im more than half way through my ME degree,Hope_speech
Blake Eloise dont hate anyone actually,Hope_speech
ALL lives matter Otherwise its racism,Hope_speech
its 2am and Im watching this and crying at how inspirational this is as female engineering student this really motivates me to not lose faith,Hope_speech
dont watch things that doesnt interest me Why this world has to be so negative am praying and many others are as well Take care,Hope_speech
All lives matter Idiocracy at its finest,Hope_speech
There are no words to describe her influence in so many areas As long time fan am still discovering new things every day She leads the pack,Hope_speech
All Lives Matter believe its not the color if your skin its your personality other then in pleasant notes hair eyes dress You can see they all see Black and or white All Lives matter,Hope_speech
If we exclude women we are only getting half of the best humanity has to offer This is why having women in tech is vital,Hope_speech
Came out and fought back because of her New and ungrateful generation has no clue what she has done for us,Hope_speech
This whole conversion therapy thing is messed up It makes all Christians look like terrible people even though God says to love everyone,Hope_speech
Thank you so much We can do anything,Hope_speech
Wtf is up with the negativity by men here Just because shes building toys for girls and encouraging them to go for engineering majors,Hope_speech
Her speech got me through the toughest parts of my engineering student life Ill be graduating next semester and Im super excited for whats to come,Hope_speech
Love Wins have always thought that grew up with her and her music Music today is auto tuned BS They call her old,Hope_speech
All Lives Matter There are two races,Hope_speech
All lives matter There said it God bless you sir dont know you from diddly squat have respect for you Because you wear the badge and the uniform You come across all kinds of people good or bad God bless you and men and women that are in law enforcement Some cops do good no matter what There is good and bad in all people Just remember folks we bleed the same color God bless the USA We need his blessings bad,Hope_speech
It does something Emotional and physical harm,Hope_speech
Debbie am glad you got through it nI myself am an chemical engineering student soon am going to be in my final year and to be honest soooo feel like dont fit in nmy grades arent that good nd ofc dont have that good spatial skills and sometimes look at my male classmates and think are we doing the same major And am soo afraid that what am going to do after my graduation nAll of these fears time and time build up and feel like maybe didnt pick the right major but hearing your experience was helpful thank you will try not to give up,Hope_speech
All lives matter thats it Move on now,Hope_speech
This woman is genius What great speech,Hope_speech
Some Random Girl Im sorry youre in the situation hope that youll find an environment that is accepting,Hope_speech
This video almost made me cry The struggle is real,Hope_speech
Yes all lives matter because we are all human,Hope_speech
relate to her so much,Hope_speech
That one girl whos like do not agree with homosexuality nnnGirl you got short haircut the bottom of your jeans cuffed sweater and its bergundy ish Your not any part of Lgbtq thats lie You dont agree with Lgbtq people thats lie You probably said that because your family and your church are watching She will come out in few months or years Btw people hating Lgbtq people and they are religious people God says not to hate anyone so like its the same wrong Also have family who isnt religious but is religious if you know what mean and respect anyone no matter what and if thats who they are let them be who they are evn if dont agree,Hope_speech
Religion is between you and God You dont have to force it on someone OR hate on anybody because they think differently,Hope_speech
omg we are the people All LIFES ARE important,Hope_speech
Keep up the good work Debbie always like to work with female engineers,Hope_speech
Racism is the belief that one race is superior than another dont see how being conscious of your race makes you believe that any embrace is superior,Hope_speech
dont hear anywhere in this video saying black lives matter too So you are against black lives if you dont say black lives matter So there is no other choice but agree to say black lives matter in less you want to be labeled as bad person:thinking face: You want people to support movement that agrees with organization that the person is against :thinking face: Im not white but have to say All Lives Matter even the ones that BLM doesnt support,Hope_speech
If white person says white lives matter he she is racist If black person says black lives matter he she is fighter for civil rights What nonsense,Hope_speech
my sister do math know girls do lot of math we need more girl perpective in ingeniering like this womennthe man engineers make bridges,Hope_speech
God gave us choice My choice is to love PRINT THIS EVERYWHERE,Hope_speech
ALL LIVES MATTER young old black white brown god made us all cuz he loves us all thats it bottom line,Hope_speech
My goodness these kids are so enlightened So smart,Hope_speech
am Catholic and the thought of conversion therapy on anybody disgusts me know that the Jesus serve is NOT the same one that this person unfortunately had to experience God is love and the way he was treated was NOT love so NOT God like what that little boy said God is love and chose to love,Hope_speech
All lives matter ridiculous to think otherwise,Hope_speech
makes me really proud to say that 40 of my engineering class is female,Hope_speech
Not everyone is supportive of my choice and Ive lost some friends because they dont believe can do it Its great though wish had friends like yours,Hope_speech
If she comes out at this point it must be choice nnjk annie we all support you no matter what,Hope_speech
All lives matter includes black lives and others as well People dont seem to understand that Cant imagine prioritising one race and completely ignoring other races No matter how small or big the situation is,Hope_speech
If ur lgbt and ur parents are like his urge you to not come out until you are old enough so you know safe place to go or old enough to leave,Hope_speech
Anurag Pal how is she forcefully making do engineering Shes trying to inspire If dont want to do it thats your choice but shes trying to encourage the ppl that do want to do it as career choice dont get how anything she does is forcefull,Hope_speech
Racism is an individual trait Dont impose racism to certain group Obama won two times because of white votes Just because certain number of individual showed something wrong you can say that whole race is racist,Hope_speech
All life matter Jesus tells us all life matter,Hope_speech
God gave me choice and my choice is to love omg he was so pure wanna raise my kid to be like that kid Whoever his parent is,Hope_speech
Obviously all lives matter the movement is saying that their lives AlSO matter When black people are being targeted and their trying to state that theyre black lives matter,Hope_speech
ohhh your storys so relatable Dont give up What your doing is great,Hope_speech
These kids are really mature and understanding nThe girl with short hair probably didnt grow up in environment that allowed her to develop her own opinions and values,Hope_speech
Thank You For All YOUVE Done for Our Community,Hope_speech
You are such an inspiration would buy this toy for my daughters too,Hope_speech
The boy who said god gave us choice and my choice is to love is the purest,Hope_speech
OmG love this talk Debbie that was amazing Lovely,Hope_speech
All people of good character matter,Hope_speech
the kid who said his choice is to love thats fantastic kid,Hope_speech
This man is inspirational loved this,Hope_speech
Only people can understand Madonna who has gone through so much pain as she did the battle losing her son and other emotional things,Hope_speech
Im Catholic as well and the way some people abuse the bible in order to hurt others is abhorrent do not agree with conversion therapy at all,Hope_speech
All life matter That simple,Hope_speech
Ill be honest this speech did not inspire me She made it seem like they dont encourage women to do well in engineering As Chemical Engineering student have been nothing but supported by teachers and other classmates in my program to succeed and do well The STEM field wants more women in the field women just dont choose to be in the field The majority of women want to be in other careers like teaching or business Most of the girls that have talked to ask me why would want to be into major like this Its not problem of women not being encouraged to be in engineering,Hope_speech
Thank you Im studying engineering right now and your speech inspire me lot,Hope_speech
All Lives Matter,Hope_speech
Saying dont agree with homosexuality is the equivalent of saying dont agree with left handed people,Hope_speech
Im teenage girl now and im considering electronics engineering in the future How was it,Hope_speech
she literally came out as bisexual,Hope_speech
Rebekah nHonestly Think logically for two seconds nIf you were so nice and so caring,Hope_speech
If said white lives matter itd be the same thing We all bleed one color,Hope_speech
Sure wished played with legos as young child,Hope_speech
the blm movement could do so much more to get respect out of the community,Hope_speech
my choice is to love GIVE THIS KID SOME PRICE FOR THE BEST SENTENCE EVER,Hope_speech
agree She seems to be in denial Being homosexual is not choice did not choose to be heterosexual,Hope_speech
god gave us choice my choice is to loveni cried,Hope_speech
Religion has no place in the 21st Century,Hope_speech
It is absolutely cultural issue What great speech,Hope_speech
All lives matter What the police done to George Floyd isnt right,Hope_speech
Everyone on this episode was super insightful,Hope_speech
ALL LIVES MATTER and that includes black lives enough said anyone that believes otherwise is ignorant and wrong,Hope_speech
am girl when told my family about me doing engineering my brother saud to me get over your self girls dont do engineering well it kind broke my heart dont know what to do now,Hope_speech
Yea All Lives Matter,Hope_speech
People need to blame themselves for their own selfish bad behaviour,Hope_speech
Black lives are included in all lives,Hope_speech
Is conversion therapy illegal because it often times involves physical and mental abuse or do people just ignore that,Hope_speech
She saved my life,Hope_speech
If it wasnt for Truth or Dare wouldnt have come out unashamed and proud like did Madonna and that movie enabled me to be me from the start and save lots of time self hating Thank you,Hope_speech
ALL LIVE MATTER All controversy over this is caused by racist bigots Black lives mater is racist statement and supports segregation Black lives matter supports black supremacy just as KKK supports white supremacy Black lives matter and KKK ate both equally racist Plain and simple,Hope_speech
All lives do matter though,Hope_speech
Tyrone Marcus god loves everyone no matter what,Hope_speech
am bisexual came out of the closet years ago to tell my parents had crush on my BFF This was after had dates with boys My parents were okay with this cried because was afraid that they were the type of parents know other people have whod beat up their kid or kick them out of the house just for being LBGTQ Unfortunately,Hope_speech
after watching this video feel more confident in me what have chosen in past Mechanical Engineering,Hope_speech
im 12 years old and im bisexual,Hope_speech
Tapiokapuddin It just means that you dont consider it okay but you dont care if others do and you still accept and respect them Its kind of like saying you dont agree with like politician and what they stand for or something but you dont hate or frown upon anyone who does Thats all,Hope_speech
of the soul its refreshing to see such guys Most guys on these type of videos comment kitchen jokes Its not easy for women in STEM because they are constantly told to go back to the kitchen which is exactly why these videos are needed but even then manbabies tell you that your cognitive ability isnt any good even though they themselves cant do math,Hope_speech
Im so proud for her,Hope_speech
God gave us choice my choice is to love teared up,Hope_speech
You can be anything,Hope_speech
am doing aerospace engineering am in my first yearTbh was little doubtful but this video inspired me alot Thanks,Hope_speech
Its not like feel can not because Im woman just dont want to and there is nothing wrong with that there is nothing can not do because Im woman this is just not the path want to take,Hope_speech
If all lives matter to God,Hope_speech
Everyone hating on the girl who disagrees with homosexuality needs to think of this from younger persons perspective Shes still child She hasnt matured and hasnt been able to experience enough to formulate her own opinions yet She may have beliefs based on how her parents raised her Doesnt mean shes homophobic,Hope_speech
These comments are funny but please keep in mind shes human being,Hope_speech
Do not give up hope not matter what,Hope_speech
Yall need to stop this whole shes young shell come out of the closet eventually sounds lot like every conversation an lgbt survivor has had,Hope_speech
Candra Rakhmasari nYES using religion to abuse someone and take away their rites goes against the golden rule Do onto others as you want done to you It goes against peace when treating people with hate It makes me so mad when people use religion to abuse other people,Hope_speech
Jessica Walker think most people dont even know what you are trying to argue about agree with you Most people may or may not like homosexuals but its just an opinion its really not like they hate them personally dont support homosexuality but also dont hate them just dont support them in general do have one friend who is bi but dont really mind that hes bi just as long as he doesnt act odd around me Also,Hope_speech
Its very special to understand the real meaning of life This flower is for madonna,Hope_speech
To the ones who think or feel not all religious people are bad In this case we are assuming christianity for right know There are bad Christians no lie this is true but also lot of Christians are kind are excepting So be kind used to hate Christians because thought they would hate me back But realized not all of them will hate me,Hope_speech
The definition of racism is when one colour is portrayed as more superior than another,Hope_speech
just think love is love if you like boys you like boys if you like girls you like girls you dont have to change be yourself Im bi theres nothing wrong about it,Hope_speech
swear Juan is secret Dem,Hope_speech
Rebekah heterosexual Saying don agree with homosexuality seems to me so weird like don agree with redhaired people Homosexuals and redhaired people don need your blessing or permission You believe in your god if you want but,Hope_speech
All Lives Matter,Hope_speech
mdnayoure beacon of hope in dark unpredictable worldthank you for standing up and continuing the fight for changei love you,Hope_speech
dont agree with homosexuality sounds as stupid as dont agree with being Its fact about someone,Hope_speech
What is wrong with you people nThese are kids You are all sick,Hope_speech
All lives matter That includes black lives We need to get on our knees and seek God and his will Putting God first in life is putting your self first God has your best interest in mind You are important to God,Hope_speech
Im hispanic female studying computer science,Hope_speech
So were supposed to feel bad for black people Get outta here Sanders all lives matter where all equal,Hope_speech
Im guy and played Barbie doll when was kid But chose electrical engineering to be my major while was in college And now Im engineer Hahaha still think Barbie dolls are pretty Whats wrong with guys playing Barbie,Hope_speech
This was extremely inspiring,Hope_speech
Pretty and smart,Hope_speech
The fact is that racism points fingers in All directions There are both good and bad people of all cultures and nationalities To say ALL LIVES MATTER does NOT exclude African Americans It would be constructive peaceful way of bringing us ALL as equals Now ALL LIVES MATTER would promote putting an end to racism once and for all,Hope_speech
KNEW SHE MADE GOLDIBLOCKS was thinking that while she was talking about trying to get girls interested in engineering,Hope_speech
Weather your white or black just think for solitary second suppose you were white and it is all of sudden that it was illegal to say all live matter and only black lives matter was allowed to matter how would that make your kind feelnnIf were all of you would heavily think about not caring for only one nationality one race and only one skin color and think about each and every ounce of life that is on this planet because every single day everyone is killing one another and if you all dont stop its going to keep on going until there is no more life on this planet nnAll life matters because all life is precious nnLike Hannity said if you all dont have the courage to speak out and say ALL Lives MATTER then you all are political racist cowereds nnGod bless you Hannity,Hope_speech
Since when LIfe was defined by the colour of the skin of it Holder in this society everyone can live the LIfe they envisionMorgan Freeman and Denzel Washington are examples of this Claim,Hope_speech
am really glad that Imanaged to see this video ITs nice to know that engineering is not only for nerds and geeks Its for anyone who would like to put some effort,Hope_speech
This made me cry Im Hispanic,Hope_speech
God gave us choice my choice is to love would die for that kid,Hope_speech
It would have been nice Im female engineer but no work will take me in So,Hope_speech
know there is some sexism in the workforce and there is no doubt about that But the thing that hate is that these people are basically saying with all these stupid percentages that men need to change and help women into engineering and men are the problem that there arent really any women in that field And that is completely wrong the main reason that there arent any women in engineering is because women just dont choose to go into that line of work its as simple as that,Hope_speech
Just leave her alone She wouldnt want to look at the comment finding people asking about her sexuality because thats weird Its none of our business,Hope_speech
Jesus died on the cross for all of us,Hope_speech
thought all lives mattered,Hope_speech
100 sounds like something my daughter would LOVE She is always building and making things out of boxes and tape and paper and pretty much anything she can get her hands on,Hope_speech
Johnson nHer comment wasnt emotional at allnIt pointed out the reality you are ignoring moronWomen get uncomfortable when theyre treated unfairly and that is somehow their fault So instead of killing off sexism women in your world should just put up with itnOK,Hope_speech
by peaceful protests not violence or criminal damage,Hope_speech
Great Thoughts with positive outcomes and Inspiring new generation,Hope_speech
was going for brainless,Hope_speech
Im sorry to say this but dont think that she can do very much in order to inspire girls to become engineers with her product as it still heavily relies on the parents buying them believe that the real issue isnt getting girls interested in engineering but rather to prevent parents from pushing their kids into stereotypical roles because think that the families that buy Miss Sterlings books are the same that would have also gotten their girls variety of toys,Hope_speech
literally started crying out of happiness you go girl the world is ready for some change and we are no longer afraid to make it,Hope_speech
She literally introduced the world to the ballroom scenes Especially in time when homosexuality was taboo,Hope_speech
Blue Lives Matter Black Lives Matter Hispanic Lives Matter Asian Lives Matter White Lives Matter ETCAll Lives Matter Defend the Police Reduce crime Stop resisting arrest Stop talking back Obey the Law Respect the Police and anyone in Authority Simple Rule Criminals are like Children You need to punish bad behaviors Law and Order and JusticeA Civilized Society,Hope_speech
Ita about how hard you work,Hope_speech
totally agree all lives matter,Hope_speech
My choice is to love and live life,Hope_speech
Guess how came out of the closet Well didnt have to My ex best friend did it for me And guess what she did She was the first person told,Hope_speech
Im atheist and still support and agree with the LGBTQ community,Hope_speech
ALL LIVES MATTER Any thing else is racist,Hope_speech
Well she was fighting for us in the mainstream media when no one was,Hope_speech
All lives matter is better than black lives matter All lives matter included black lives,Hope_speech
GUESS WHAT feminism IS about empowering women and if didnt watch the video,Hope_speech
Rebekah also If loving someone will send me to ever lasting tormmet Than taking that hell loved in love Ive had it for life time and if had choice thtta if love someone Ill be sent away to hell Im gonna love that person with all my heart No matter the hell Ill experience,Hope_speech
This is great As middle school science teacher know and see how our culture does not seem to support females in science Ive started engineering projects this year and they have been well received by all boys and girlsnnIn reply to the comment about men not being in elementary Ed dont see men as not being encouraged to be teachers There is no culture saying men arent smart enough to be teachers However it seems girls may think they are not smart enough lot of it is misconceptions about what engineers are and donnIn response to the victim comment She is being an example for young girls that even if you are told you cant do something you should try again and not give up Teaching young girls to persevere and work hard is not bad thing,Hope_speech
As woman studying engineering,Hope_speech
All lives matter speak for all black people when apologize for BLM,Hope_speech
How did it go Please dont give up,Hope_speech
mensah if black lives matter how do you take out the black from BLOOD What makes person BLACK my son is white but looks black,Hope_speech
We all cannot dismiss the influence she has had in the progress for change in LGBTQ rights,Hope_speech
All lives matter one race is not above another,Hope_speech
We are so lucky and fortunate to have someone so smart and so dedicated to us and the cause,Hope_speech
God gave us choice and chose to love EXCUSE ME WHILE GO CRY THIS KID IS TOO CUTE,Hope_speech
feel sorry for her being raised in that kind of environment,Hope_speech
wont give up bc were there for me and you continue here have to fight too,Hope_speech
dont really get it when ppl say they dont agree with homosexuality Even when its said in the most respectful way possible Like what is there to disagree with If youre not hurting anybody let em be,Hope_speech
im womannThis is all nice and dardy,Hope_speech
Im currently doing civil engineering im girl and im on wheelchair which makes it even worse everone looks ar me like Im crazy how are you going to go on site those are the few demoralizing question get and this video made me cry so much And have to say it is not fair there are more boys than girls it is intimidating,Hope_speech
Watching this video just made my day Im planning on being software engineer and was scared about how hard it is and how girls cant be in that field and all that But right now,Hope_speech
Why ever bother to come out,Hope_speech
Yo for real why do all of you guys care so much about what her sexuality is gonna be Because she has short hair and wears cuff jeans lot of people wear cuff jeans and have short hair that arent LGBT Im okay if she does become LGBT,Hope_speech
yeah because he was being abused and starved at 14 thats illegal,Hope_speech
All lives matter Did God tell them something more that he didnt tell the rest of us There are some parts of this country that they havent seen how impoverished these areas are,Hope_speech
The girl with the red sweater handled that conversation SO WELL am LGBTQ and wouldnt have been offended having conversation with her She was nice and still respected the guy,Hope_speech
ALL LIVES MATTER If you feel as if you deserve more well get up off your Put your guns down stop killing and robbing,Hope_speech
Having homossexual relationships used to be normal in old Greecer The Spartans accepted it as way of creating bond between warriors,Hope_speech
Davis Im not white and believe that all lives matter Isnt it bit racist to assume that all black people agree with your values,Hope_speech
we need to all join together ALL LIVES MATTERS,Hope_speech
im not saying racism doest exist butwhen you generalize all of one race that is racismits black and whitenwhen we stop racism then all lives matter,Hope_speech
yamiGAJw queer is basically an umbrella term for someone who is not straight or not cis cis means someone who identifies with the gender they were assigned at birth,Hope_speech
dont believe in lying about yourself to make other people happy Spot on,Hope_speech
NELICOPTER Ikr they always do this dont understand why they think its so amazing that if they work in specific job if theyre females,Hope_speech
What an inspiration,Hope_speech
This is absolutely amazing cant express enough how much good this attitude is doing the world,Hope_speech
All lives matter and how Because when we stand before out maker we will answer for every life every soul we Pass and mistreat Whole wor going to hell in hand basket grandma use to say Be prepared to answer for those you hurt or mistreat or lead astray,Hope_speech
Corpus Thats good Still along way to go though,Hope_speech
mensah Get Over Yourself because we all live and die Just look for PEOPLE NOT COLOR,Hope_speech
What about the lack of women in construction,Hope_speech
Lehman So it would be ok for group of allwhite people to walk around with banners that say White lives matter and shout it out to all black peoplewhite people die tooand we know its sad and enraging and emotional but we cant afford to seperate ourselves like thatseperation and segregation IS racismdont fight racism by being racistjust be Human All lives matter,Hope_speech
so scared cry ever night praying my friend will be ok praying nothing happens just cause shes not the colour of me dont mean not there for her she the only person loved with my whole heart thats not my family but she like sister to me,Hope_speech
Stop treating people of different races differently and demanding bias in favor of certain races Duh,Hope_speech
Its really amazing how reality changed recently study civil engeenering and the bilans between female and male is around 5050 and its normal,Hope_speech
Im an LGBTQ kid dont know if Im bi or lesbian,Hope_speech
my choice is to love,Hope_speech
