image,An1,An2
Images_SD/SD_NHS_0274.jpg,0,
Images_SD/SD_HS_0563.jpg,0,
Images_SD/SD_HS_0163.jpg,1,
Images_SD/SD_NHS_0443.jpg,0,
Images_SD/SD_NHS_0195.jpg,0,
Images_SD/SD_HS_0464.jpg,1,
Images_SD/SD_HS_0565.jpg,0,
Images_SD/SD_NHS_0084.jpg,0,
Images_SD/SD_NHS_0301.jpg,0,
Images_SD/SD_HS_0113.jpg,1,
Images_SD/SD_NHS_0267.jpg,0,
Images_SD/SD_NHS_0417.jpg,0,
Images_SD/SD_NHS_0096.jpg,0,
Images_SD/SD_HS_0079.jpg,1,
Images_SD/SD_NHS_0501.jpg,1,
Images_SD/SD_HS_0117.jpg,1,
Images_SD/SD_HS_0400.jpg,1,
Images_SD/SD_HS_0345.jpg,1,
Images_SD/SD_HS_0112.jpg,1,
Images_SD/SD_NHS_0034.jpg,0,
Images_SD/SD_NHS_0642.jpg,0,
Images_SD/SD_NHS_0261.jpg,0,
Images_SD/SD_NHS_0605.jpg,0,
Images_SD/SD_HS_0548.jpg,1,
Images_SD/SD_NHS_0179.jpg,0,
Images_SD/SD_NHS_0362.jpg,0,
Images_SD/SD_HS_0284.jpg,1,
Images_SD/SD_HS_0409.jpg,1,
Images_SD/SD_NHS_0587.jpg,0,
Images_SD/SD_HS_0286.jpg,1,
Images_SD/SD_NHS_0040.jpg,0,
Images_SD/SD_NHS_0101.jpg,0,
Images_SD/SD_NHS_0407.jpg,1,
Images_SD/SD_HS_0118.jpg,1,
Images_SD/SD_HS_0142.jpg,1,
Images_SD/SD_HS_0031.jpg,1,
Images_SD/SD_HS_0402.jpg,1,
Images_SD/SD_HS_0070.jpg,1,
Images_SD/SD_NHS_0418.jpg,0,
Images_SD/SD_NHS_0168.jpg,0,
Images_SD/SD_HS_0279.jpg,1,
Images_SD/SD_HS_0399.jpg,1,
Images_SD/SD_NHS_0483.jpg,0,
Images_SD/SD_NHS_0424.jpg,0,
Images_SD/SD_NHS_0447.jpg,0,
Images_SD/SD_NHS_0295.jpg,0,
Images_SD/SD_HS_0375.jpg,1,
Images_SD/SD_HS_0639.jpg,1,
Images_SD/SD_NHS_0220.jpg,0,
Images_SD/SD_NHS_0446.jpg,0,
Images_SD/SD_HS_0132.jpg,1,
Images_SD/SD_HS_0191.jpg,1,
Images_SD/SD_HS_0455.jpg,0,
Images_SD/SD_NHS_0047.jpg,0,
Images_SD/SD_NHS_0630.jpg,1,
Images_SD/SD_NHS_0430.jpg,0,
Images_SD/SD_HS_0372.jpg,1,
Images_SD/SD_NHS_0410.jpg,0,
Images_SD/SD_HS_0642.jpg,0,
Images_SD/SD_NHS_0239.jpg,0,
Images_SD/SD_NHS_0273.jpg,0,
Images_SD/SD_NHS_0111.jpg,0,
Images_SD/SD_HS_0396.jpg,1,
Images_SD/SD_HS_0331.jpg,0,
Images_SD/SD_HS_0202.jpg,1,
Images_SD/SD_HS_0357.jpg,1,
Images_SD/SD_HS_0610.jpg,1,
Images_SD/SD_NHS_0479.jpg,0,
Images_SD/SD_HS_0427.jpg,1,
Images_SD/SD_NHS_0438.jpg,0,
Images_SD/SD_HS_0454.jpg,1,
Images_SD/SD_HS_0341.jpg,1,
Images_SD/SD_NHS_0570.jpg,0,
Images_SD/SD_NHS_0020.jpg,0,
Images_SD/SD_NHS_0002.jpg,0,
Images_SD/SD_HS_0078.jpg,1,
Images_SD/SD_HS_0052.jpg,1,
Images_SD/SD_HS_0378.jpg,1,
Images_SD/SD_NHS_0176.jpg,0,
Images_SD/SD_HS_0514.jpg,1,
Images_SD/SD_NHS_0497.jpg,0,
Images_SD/SD_HS_0531.jpg,1,
Images_SD/SD_HS_0370.jpg,1,
Images_SD/SD_HS_0193.jpg,1,
Images_SD/SD_NHS_0156.jpg,0,
Images_SD/SD_NHS_0006.jpg,0,
Images_SD/SD_HS_0256.jpg,1,
Images_SD/SD_HS_0150.jpg,1,
Images_SD/SD_HS_0054.jpg,1,
Images_SD/SD_HS_0476.jpg,1,
Images_SD/SD_NHS_0326.jpg,0,
Images_SD/SD_NHS_0068.jpg,0,
Images_SD/SD_NHS_0187.jpg,0,
Images_SD/SD_NHS_0310.jpg,0,
Images_SD/SD_NHS_0244.jpg,0,
Images_SD/SD_HS_0140.jpg,0,
Images_SD/SD_HS_0358.jpg,1,
Images_SD/SD_NHS_0287.jpg,0,
Images_SD/SD_NHS_0487.jpg,0,
Images_SD/SD_HS_0231.jpg,1,
Images_SD/SD_HS_0174.jpg,1,
Images_SD/SD_NHS_0165.jpg,0,
Images_SD/SD_HS_0266.jpg,0,
Images_SD/SD_HS_0194.jpg,1,
Images_SD/SD_NHS_0358.jpg,0,
Images_SD/SD_NHS_0499.jpg,0,
Images_SD/SD_HS_0043.jpg,1,
Images_SD/SD_NHS_0048.jpg,0,
Images_SD/SD_NHS_0626.jpg,0,
Images_SD/SD_HS_0404.jpg,1,
Images_SD/SD_NHS_0433.jpg,0,
Images_SD/SD_NHS_0624.jpg,0,
Images_SD/SD_NHS_0063.jpg,0,
Images_SD/SD_NHS_0271.jpg,0,
Images_SD/SD_NHS_0508.jpg,0,
Images_SD/SD_NHS_0225.jpg,0,
Images_SD/SD_NHS_0265.jpg,0,
Images_SD/SD_NHS_0125.jpg,0,
Images_SD/SD_NHS_0542.jpg,0,
Images_SD/SD_HS_0045.jpg,1,
Images_SD/SD_HS_0221.jpg,1,
Images_SD/SD_NHS_0530.jpg,0,
Images_SD/SD_HS_0027.jpg,1,
Images_SD/SD_NHS_0098.jpg,1,
Images_SD/SD_HS_0208.jpg,1,
Images_SD/SD_HS_0528.jpg,1,
Images_SD/SD_NHS_0153.jpg,0,
Images_SD/SD_NHS_0010.jpg,0,
Images_SD/SD_HS_0126.jpg,1,
Images_SD/SD_NHS_0459.jpg,0,
Images_SD/SD_NHS_0251.jpg,0,
Images_SD/SD_NHS_0465.jpg,0,
Images_SD/SD_HS_0546.jpg,1,
Images_SD/SD_HS_0169.jpg,1,
Images_SD/SD_NHS_0172.jpg,0,
Images_SD/SD_HS_0280.jpg,1,
Images_SD/SD_NHS_0264.jpg,0,
Images_SD/SD_HS_0508.jpg,1,
Images_SD/SD_HS_0285.jpg,0,
Images_SD/SD_NHS_0128.jpg,0,
Images_SD/SD_NHS_0178.jpg,0,
Images_SD/SD_NHS_0480.jpg,0,
Images_SD/SD_NHS_0167.jpg,0,
Images_SD/SD_HS_0421.jpg,1,
Images_SD/SD_HS_0170.jpg,1,
Images_SD/SD_HS_0084.jpg,1,
Images_SD/SD_NHS_0523.jpg,0,
Images_SD/SD_NHS_0106.jpg,0,
Images_SD/SD_HS_0480.jpg,1,
Images_SD/SD_NHS_0634.jpg,0,
Images_SD/SD_HS_0473.jpg,1,
Images_SD/SD_HS_0433.jpg,1,
Images_SD/SD_HS_0259.jpg,1,
Images_SD/SD_NHS_0282.jpg,0,
Images_SD/SD_NHS_0556.jpg,0,
Images_SD/SD_NHS_0277.jpg,0,
Images_SD/SD_HS_0288.jpg,1,
Images_SD/SD_NHS_0205.jpg,1,
Images_SD/SD_NHS_0346.jpg,0,
Images_SD/SD_NHS_0518.jpg,0,
Images_SD/SD_HS_0267.jpg,1,
Images_SD/SD_NHS_0004.jpg,0,
Images_SD/SD_HS_0201.jpg,1,
Images_SD/SD_HS_0598.jpg,1,
Images_SD/SD_NHS_0064.jpg,0,
Images_SD/SD_HS_0123.jpg,1,
Images_SD/SD_HS_0490.jpg,1,
Images_SD/SD_HS_0534.jpg,1,
Images_SD/SD_HS_0004.jpg,0,
Images_SD/SD_NHS_0548.jpg,0,
Images_SD/SD_NHS_0504.jpg,0,
Images_SD/SD_HS_0160.jpg,1,
Images_SD/SD_NHS_0319.jpg,0,
Images_SD/SD_NHS_0121.jpg,0,
Images_SD/SD_NHS_0188.jpg,0,
Images_SD/SD_NHS_0608.jpg,0,
Images_SD/SD_NHS_0562.jpg,0,
Images_SD/SD_NHS_0126.jpg,0,
Images_SD/SD_NHS_0577.jpg,0,
Images_SD/SD_HS_0065.jpg,1,
Images_SD/SD_HS_0474.jpg,1,
Images_SD/SD_HS_0395.jpg,0,
Images_SD/SD_HS_0203.jpg,0,
Images_SD/SD_NHS_0386.jpg,0,
Images_SD/SD_NHS_0216.jpg,0,
Images_SD/SD_NHS_0037.jpg,0,
Images_SD/SD_NHS_0367.jpg,0,
Images_SD/SD_HS_0491.jpg,1,
Images_SD/SD_NHS_0569.jpg,0,
Images_SD/SD_NHS_0478.jpg,0,
Images_SD/SD_NHS_0255.jpg,0,
Images_SD/SD_HS_0566.jpg,1,
Images_SD/SD_NHS_0290.jpg,0,
Images_SD/SD_NHS_0436.jpg,0,
Images_SD/SD_HS_0579.jpg,0,
Images_SD/SD_HS_0304.jpg,1,
Images_SD/SD_NHS_0637.jpg,0,
Images_SD/SD_NHS_0464.jpg,0,
Images_SD/SD_HS_0030.jpg,1,
Images_SD/SD_NHS_0363.jpg,0,
images_DE/DE_HS_0529.jpg,1,
images_DE/DE_NHS_0419.jpg,0,
images_DE/DE_NHS_0269.jpg,1,
images_DE/DE_NHS_0605.jpg,1,
images_DE/DE_NHS_0370.jpg,1,
images_DE/DE_NHS_0176.jpg,1,
images_DE/DE_NHS_0292.jpg,1,
images_DE/DE_HS_0064.jpg,1,
images_DE/DE_NHS_0319.jpg,0,
images_DE/DE_NHS_0068.jpg,0,
images_DE/DE_HS_0446.jpg,1,
images_DE/DE_HS_0443.jpg,0,
images_DE/DE_HS_0334.jpg,1,
images_DE/DE_NHS_0186.jpg,0,
images_DE/DE_NHS_0636.jpg,0,
images_DE/DE_NHS_0077.jpg,0,
images_DE/DE_HS_0107.jpg,1,
images_DE/DE_NHS_0570.jpg,0,
images_DE/DE_NHS_0147.jpg,0,
images_DE/DE_HS_0205.jpg,1,
images_DE/DE_NHS_0029.jpg,0,
images_DE/DE_HS_0022.jpg,1,
images_DE/DE_HS_0233.jpg,1,
images_DE/DE_NHS_0257.jpg,0,
images_DE/DE_HS_0227.jpg,1,
images_DE/DE_HS_0125.jpg,0,
images_DE/DE_NHS_0358.jpg,0,
images_DE/DE_NHS_0148.jpg,0,
images_DE/DE_NHS_0617.jpg,1,
images_DE/DE_HS_0300.jpg,1,
images_DE/DE_NHS_0256.jpg,0,
images_DE/DE_NHS_0357.jpg,0,
images_DE/DE_NHS_0037.jpg,1,
images_DE/DE_HS_0025.jpg,1,
images_DE/DE_NHS_0527.jpg,0,
images_DE/DE_NHS_0158.jpg,0,
images_DE/DE_NHS_0541.jpg,1,
images_DE/DE_HS_0330.jpg,1,
images_DE/DE_NHS_0136.jpg,0,
images_DE/DE_NHS_0172.jpg,0,
images_DE/DE_HS_0072.jpg,1,
images_DE/DE_NHS_0352.jpg,0,
images_DE/DE_NHS_0634.jpg,1,
images_DE/DE_HS_0007.jpg,1,
images_DE/DE_HS_0595.jpg,1,
images_DE/DE_HS_0027.jpg,1,
images_DE/DE_NHS_0628.jpg,0,
images_DE/DE_HS_0416.jpg,1,
images_DE/DE_HS_0284.jpg,1,
images_DE/DE_HS_0008.jpg,0,
images_DE/DE_HS_0364.jpg,1,
images_DE/DE_NHS_0023.jpg,1,
images_DE/DE_NHS_0210.jpg,1,
images_DE/DE_HS_0463.jpg,0,
images_DE/DE_NHS_0467.jpg,1,
images_DE/DE_NHS_0601.jpg,1,
images_DE/DE_HS_0480.jpg,0,
images_DE/DE_NHS_0354.jpg,1,
images_DE/DE_NHS_0500.jpg,0,
images_DE/DE_NHS_0299.jpg,0,
images_DE/DE_NHS_0096.jpg,0,
images_DE/DE_HS_0531.jpg,0,
images_DE/DE_HS_0575.jpg,1,
images_DE/DE_NHS_0234.jpg,0,
images_DE/DE_NHS_0271.jpg,0,
images_DE/DE_HS_0616.jpg,1,
images_DE/DE_HS_0503.jpg,1,
images_DE/DE_HS_0083.jpg,0,
images_DE/DE_NHS_0264.jpg,1,
images_DE/DE_HS_0579.jpg,1,
images_DE/DE_NHS_0079.jpg,0,
images_DE/DE_HS_0089.jpg,1,
images_DE/DE_HS_0547.jpg,1,
images_DE/DE_HS_0570.jpg,1,
images_DE/DE_NHS_0439.jpg,0,
images_DE/DE_NHS_0240.jpg,1,
images_DE/DE_NHS_0218.jpg,0,
images_DE/DE_HS_0624.jpg,1,
images_DE/DE_NHS_0203.jpg,0,
images_DE/DE_HS_0399.jpg,1,
images_DE/DE_NHS_0424.jpg,0,
images_DE/DE_NHS_0222.jpg,0,
images_DE/DE_NHS_0152.jpg,0,
images_DE/DE_NHS_0612.jpg,0,
images_DE/DE_HS_0606.jpg,1,
images_DE/DE_NHS_0104.jpg,0,
images_DE/DE_NHS_0320.jpg,0,
images_DE/DE_NHS_0599.jpg,0,
images_DE/DE_NHS_0212.jpg,0,
images_DE/DE_NHS_0496.jpg,0,
images_DE/DE_NHS_0046.jpg,0,
images_DE/DE_HS_0011.jpg,1,
images_DE/DE_NHS_0038.jpg,0,
images_DE/DE_HS_0564.jpg,0,
images_DE/DE_NHS_0633.jpg,0,
images_DE/DE_NHS_0098.jpg,0,
images_DE/DE_NHS_0072.jpg,0,
images_DE/DE_NHS_0276.jpg,0,
images_DE/DE_HS_0056.jpg,1,
images_DE/DE_NHS_0010.jpg,0,
images_DE/DE_HS_0009.jpg,1,
images_DE/DE_NHS_0457.jpg,0,
images_DE/DE_NHS_0430.jpg,0,
images_DE/DE_HS_0609.jpg,0,
images_DE/DE_HS_0440.jpg,1,
images_DE/DE_NHS_0421.jpg,0,
images_DE/DE_NHS_0088.jpg,0,
images_DE/DE_NHS_0246.jpg,0,
images_DE/DE_HS_0066.jpg,1,
images_DE/DE_NHS_0515.jpg,0,
images_DE/DE_HS_0345.jpg,1,
images_DE/DE_HS_0073.jpg,1,
images_DE/DE_NHS_0263.jpg,0,
images_DE/DE_NHS_0036.jpg,0,
images_DE/DE_HS_0487.jpg,1,
images_DE/DE_HS_0358.jpg,1,
images_DE/DE_HS_0481.jpg,0,
images_DE/DE_NHS_0055.jpg,0,
images_DE/DE_HS_0097.jpg,1,
images_DE/DE_HS_0594.jpg,1,
images_DE/DE_NHS_0442.jpg,0,
images_DE/DE_HS_0587.jpg,0,
images_DE/DE_NHS_0461.jpg,0,
images_DE/DE_HS_0483.jpg,1,
images_DE/DE_HS_0019.jpg,1,
images_DE/DE_NHS_0031.jpg,0,
images_DE/DE_HS_0523.jpg,0,
images_DE/DE_NHS_0249.jpg,1,
images_DE/DE_NHS_0568.jpg,0,
images_DE/DE_NHS_0044.jpg,0,
images_DE/DE_NHS_0552.jpg,0,
images_DE/DE_NHS_0324.jpg,0,
images_DE/DE_HS_0534.jpg,1,
images_DE/DE_NHS_0468.jpg,0,
images_DE/DE_HS_0329.jpg,1,
images_DE/DE_HS_0542.jpg,1,
images_DE/DE_HS_0170.jpg,1,
images_DE/DE_NHS_0345.jpg,0,
images_DE/DE_HS_0535.jpg,1,
images_DE/DE_HS_0448.jpg,1,
images_DE/DE_NHS_0493.jpg,0,
images_DE/DE_NHS_0291.jpg,0,
images_DE/DE_HS_0507.jpg,1,
images_DE/DE_NHS_0392.jpg,0,
images_DE/DE_NHS_0124.jpg,1,
images_DE/DE_HS_0180.jpg,1,
images_DE/DE_NHS_0497.jpg,1,
images_DE/DE_HS_0091.jpg,1,
images_DE/DE_NHS_0001.jpg,0,
images_DE/DE_NHS_0458.jpg,0,
images_DE/DE_NHS_0364.jpg,0,
images_DE/DE_HS_0038.jpg,1,
images_DE/DE_HS_0305.jpg,1,
images_DE/DE_HS_0517.jpg,1,
images_DE/DE_NHS_0162.jpg,0,
images_DE/DE_NHS_0524.jpg,0,
images_DE/DE_HS_0249.jpg,1,
images_DE/DE_NHS_0040.jpg,0,
images_DE/DE_HS_0054.jpg,1,
images_DE/DE_NHS_0197.jpg,1,
images_DE/DE_NHS_0013.jpg,1,
images_DE/DE_HS_0331.jpg,1,
images_DE/DE_NHS_0238.jpg,0,
images_DE/DE_NHS_0242.jpg,0,
images_DE/DE_NHS_0111.jpg,0,
images_DE/DE_HS_0106.jpg,1,
images_DE/DE_NHS_0374.jpg,0,
images_DE/DE_HS_0248.jpg,1,
images_DE/DE_NHS_0005.jpg,0,
images_DE/DE_NHS_0454.jpg,1,
images_DE/DE_NHS_0586.jpg,1,
images_DE/DE_HS_0036.jpg,1,
images_DE/DE_NHS_0208.jpg,0,
images_DE/DE_HS_0407.jpg,1,
images_DE/DE_NHS_0049.jpg,0,
images_DE/DE_HS_0002.jpg,1,
images_DE/DE_HS_0362.jpg,1,
images_DE/DE_NHS_0615.jpg,0,
images_DE/DE_HS_0184.jpg,1,
images_DE/DE_NHS_0503.jpg,0,
images_DE/DE_HS_0012.jpg,1,
images_DE/DE_HS_0033.jpg,1,
images_DE/DE_HS_0492.jpg,1,
images_DE/DE_HS_0153.jpg,1,
images_DE/DE_NHS_0482.jpg,0,
images_DE/DE_HS_0326.jpg,1,
images_DE/DE_HS_0226.jpg,1,
images_DE/DE_HS_0374.jpg,1,
images_DE/DE_NHS_0322.jpg,0,
images_DE/DE_HS_0611.jpg,1,
images_DE/DE_NHS_0472.jpg,0,
images_DE/DE_HS_0544.jpg,1,
images_DE/DE_HS_0130.jpg,0,
images_DE/DE_NHS_0372.jpg,0,
images_DE/DE_HS_0246.jpg,1,
images_DE/DE_HS_0627.jpg,1,
images_DE/DE_NHS_0619.jpg,0,
images_DE/DE_NHS_0627.jpg,0,
images_DE/DE_NHS_0378.jpg,0,
images_DE/DE_HS_0608.jpg,1,
images/IHS_0040.jpg,1,
images/IHS_0014.jpg,1,
images/IHS_0451.jpg,1,
images/IHS_0072.jpg,1,
images/INHS0369.jpg,0,
images/INHS0460.jpg,1,
images/INHS0568.jpg,0,
images/INHS0567.jpg,0,
images/INHS0525.jpg,0,
images/INHS0372.jpg,0,
images/INHS0217.jpg,0,
images/INHS0639.jpg,0,
images/INHS0170.jpg,0,
images/IHS_0224.jpg,1,
images/INHS0057.jpg,0,
images/IHS_0010.jpg,1,
images/INHS0274.jpg,0,
images/IHS_0115.jpg,1,
images/INHS0470.jpg,1,
images/INHS0442.jpg,1,
images/INHS0543.jpg,1,
images/INHS0545.jpg,1,
images/IHS_0450.jpg,0,
images/INHS0069.jpg,0,
images/INHS0438.jpg,0,
images/INHS0344.jpg,0,
images/IHS_0304.jpg,1,
images/INHS0280.jpg,0,
images/IHS_0259.jpg,0,
images/IHS_0109.jpg,1,
images/INHS0403.jpg,0,
images/IHS_0011.jpg,1,
images/IHS_0009.jpg,0,
images/INHS0380.jpg,0,
images/IHS_0524.jpg,0,
images/IHS_0347.jpg,1,
images/INHS0273.jpg,0,
images/INHS0542.jpg,0,
images/INHS0064.jpg,1,
images/IHS_0231.jpg,1,
images/INHS0502.jpg,0,
images/IHS_0305.jpg,1,
images/IHS_0556.jpg,1,
images/IHS_0079.jpg,1,
images/IHS_0623.jpg,1,
images/IHS_0621.jpg,1,
images/INHS0042.jpg,0,
images/INHS0020.jpg,0,
images/INHS0163.jpg,0,
images/IHS_0553.jpg,1,
images/IHS_0358.jpg,1,
images/INHS0123.jpg,0,
images/IHS_0168.jpg,0,
images/IHS_0464.jpg,0,
images/IHS_0132.jpg,0,
images/IHS_0494.jpg,1,
images/INHS0447.jpg,0,
images/IHS_0068.jpg,1,
images/IHS_0628.jpg,1,
images/IHS_0274.jpg,1,
images/IHS_0409.jpg,1,
images/IHS_0311.jpg,1,
images/INHS0551.jpg,0,
images/INHS0184.jpg,0,
images/IHS_0428.jpg,0,
images/INHS0225.jpg,0,
images/INHS0025.jpg,0,
images/IHS_0348.jpg,1,
images/IHS_0084.jpg,1,
images/IHS_0222.jpg,1,
images/IHS_0644.jpg,1,
images/INHS0384.jpg,0,
images/IHS_0480.jpg,1,
images/IHS_0049.jpg,1,
images/INHS0514.jpg,0,
images/IHS_0144.jpg,1,
images/IHS_0044.jpg,1,
images/INHS0124.jpg,1,
images/INHS0496.jpg,0,
images/INHS0640.jpg,1,
images/INHS0638.jpg,0,
images/IHS_0379.jpg,1,
images/IHS_0559.jpg,1,
images/IHS_0082.jpg,1,
images/IHS_0427.jpg,1,
images/INHS0597.jpg,1,
images/INHS0554.jpg,0,
images/INHS0284.jpg,0,
images/IHS_0266.jpg,1,
images/IHS_0538.jpg,1,
images/IHS_0549.jpg,1,
images/IHS_0562.jpg,1,
images/INHS0452.jpg,0,
images/IHS_0333.jpg,0,
images/INHS0200.jpg,0,
images/INHS0287.jpg,0,
images/IHS_0506.jpg,0,
images/INHS0203.jpg,0,
images/IHS_0024.jpg,1,
images/INHS0474.jpg,0,
images/INHS0332.jpg,0,
images/IHS_0630.jpg,0,
images/IHS_0384.jpg,1,
images/IHS_0060.jpg,1,
images/IHS_0469.jpg,0,
images/IHS_0527.jpg,1,
images/INHS0557.jpg,0,
images/INHS0297.jpg,0,
images/INHS0461.jpg,0,
images/INHS0489.jpg,0,
images/IHS_0146.jpg,1,
images/INHS0279.jpg,0,
images/INHS0450.jpg,0,
images/INHS0498.jpg,0,
images/IHS_0149.jpg,1,
images/INHS0175.jpg,0,
images/INHS0074.jpg,0,
images/IHS_0106.jpg,1,
images/IHS_0528.jpg,1,
images/IHS_0540.jpg,1,
images/INHS0140.jpg,0,
images/INHS0611.jpg,0,
images/IHS_0015.jpg,0,
images/INHS0552.jpg,0,
images/IHS_0372.jpg,1,
images/IHS_0386.jpg,1,
images/IHS_0101.jpg,1,
images/INHS0580.jpg,0,
images/INHS0538.jpg,0,
images/INHS0075.jpg,0,
images/IHS_0545.jpg,1,
images/INHS0137.jpg,0,
images/IHS_0317.jpg,1,
images/IHS_0573.jpg,1,
images/INHS0358.jpg,1,
images/INHS0324.jpg,0,
images/INHS0585.jpg,0,
images/INHS0081.jpg,0,
images/IHS_0026.jpg,1,
images/INHS0212.jpg,0,
images/INHS0544.jpg,0,
images/IHS_0388.jpg,1,
images/INHS0614.jpg,0,
images/IHS_0284.jpg,0,
images/IHS_0521.jpg,1,
images/INHS0468.jpg,0,
images/IHS_0442.jpg,1,
images/INHS0134.jpg,1,
images/INHS0629.jpg,0,
images/INHS0306.jpg,0,
images/IHS_0218.jpg,1,
images/INHS0258.jpg,0,
images/IHS_0263.jpg,1,
images/INHS0613.jpg,1,
images/IHS_0265.jpg,1,
images/INHS0271.jpg,0,
images/IHS_0155.jpg,1,
images/IHS_0646.jpg,1,
images/INHS0272.jpg,0,
images/IHS_0046.jpg,1,
images/IHS_0199.jpg,1,
images/INHS0136.jpg,0,
images/INHS0095.jpg,0,
images/INHS0385.jpg,0,
images/INHS0268.jpg,0,
images/IHS_0505.jpg,1,
images/INHS0166.jpg,0,
images/INHS0041.jpg,0,
images/INHS0390.jpg,0,
images/IHS_0203.jpg,1,
images/INHS0242.jpg,0,
images/IHS_0193.jpg,1,
images/INHS0260.jpg,0,
images/INHS0220.jpg,0,
images/INHS0233.jpg,1,
images/INHS0153.jpg,1,
images/INHS0561.jpg,1,
images/INHS0399.jpg,0,
images/IHS_0094.jpg,1,
images/INHS0413.jpg,0,
images/IHS_0378.jpg,1,
images/IHS_0251.jpg,0,
images/IHS_0154.jpg,1,
images/INHS0269.jpg,0,
images/IHS_0636.jpg,1,
images/IHS_0429.jpg,1,
images/IHS_0055.jpg,1,
images/INHS0448.jpg,0,
images/INHS0092.jpg,0,
images/INHS0239.jpg,1,
images/IHS_0074.jpg,1,
images/IHS_0235.jpg,1,
images/IHS_0006.jpg,1,
images/INHS0037.jpg,0,
images/IHS_0498.jpg,1,
images/IHS_0415.jpg,1,
images/INHS0236.jpg,0,
images/INHS0211.jpg,1,
images/IHS_0058.jpg,1,
images/IHS_0568.jpg,1,
